Store,Dept,Date,Weekly_Sales,Type,IsHoliday,baseline_pred,gbm_pred,baseline_error_pct,gbm_error_pct
1,1,2012-06-01,494.8,B,0,486.19,474.7538645961568,-1.7400970088924845,-4.051361237640099
1,1,2012-06-08,464.91,B,0,445.82,474.60920104738005,-4.106171086877036,2.0862534786044673
1,1,2012-06-15,417.8,B,0,433.08,453.5496831960122,3.657252273815216,8.556649879371038
1,1,2012-06-22,454.28,B,0,375.19,455.1367884724155,-17.409967420973842,0.18860360843874496
1,1,2012-06-29,443.09,B,0,340.89,422.83840549917136,-23.065291475772415,-4.570537475643462
1,1,2012-07-06,446.97,B,0,417.45,452.5741684185521,-6.604470098664349,1.253813101226501
1,1,2012-07-13,537.77,B,0,425.84,446.60708198244595,-20.81373077709802,-16.952027449942175
1,1,2012-07-20,397.87,B,0,353.39,431.0712749075172,-11.17953100258879,8.34475454483052
1,1,2012-07-27,436.67,B,0,407.05,445.7484880834635,-6.783154327066207,2.0790272021122287
1,1,2012-08-03,461.01,B,0,404.27,440.3023194021663,-12.307759050779813,-4.491807248830546
1,1,2012-08-10,406.97,B,0,289.99,412.8755627920571,-28.744133474211857,1.4511051900771759
1,1,2012-08-17,509.3,B,0,343.76,397.2230210996559,-32.50343608874927,-22.00608264291068
1,1,2012-08-24,371.15,B,0,401.91,428.6247215842522,8.287754277246409,15.48557768671756
1,1,2012-08-31,399.65,B,0,395.29,401.4188164790237,-1.0909545852620934,0.4425913872197454
1,1,2012-09-07,357.02,B,1,331.12,435.92457659629105,-7.254495546467979,22.100884151109483
1,1,2012-09-14,357.38,B,0,374.75,394.1320033456742,4.860372712518888,10.283732538383292
1,1,2012-09-21,382.91,B,0,413.09,419.2490396571937,7.881747669165064,9.490229990648889
1,1,2012-09-28,409.08,B,0,398.3,404.1010649192106,-2.635181382614641,-1.2171054758945365
1,1,2012-10-05,381.41,B,0,353.85,388.0584473334408,-7.225819983744527,1.7431234979263257
1,1,2012-10-12,425.93,B,0,334.56,385.7675306719496,-21.451881764609208,-9.429359126628883
1,1,2012-10-19,359.81,B,0,326.41,386.76459803745576,-9.282676968399981,7.491342107627847
1,1,2012-10-26,348.86,B,0,380.33,392.78234121071205,9.020810640371486,12.590248584163282
1,2,2012-06-01,526.22,B,0,583.26,527.516510446804,10.839572802250002,0.24638182638515257
1,2,2012-06-08,557.97,B,0,594.88,511.318158920045,6.615050988404389,-8.360994512241703
1,2,2012-06-15,568.9,B,0,615.57,498.2112814489562,8.203550711900172,-12.425508622085392
1,2,2012-06-22,551.75,B,0,460.93,504.5472814228958,-16.460353420933394,-8.555091722175655
1,2,2012-06-29,498.32,B,0,502.54,504.76471948138453,0.8468454005458395,1.293289348487827
1,2,2012-07-06,399.36,B,0,494.51,499.1201555627625,23.825620993589737,24.98000690173339
1,2,2012-07-13,468.86,B,0,480.29,485.7343511771645,2.437827923047393,3.5990170151355407
1,2,2012-07-20,509.27,B,0,441.28,476.5972431654825,-13.350482062560138,-6.415606031087141
1,2,2012-07-27,416.93,B,0,386.37,474.3232839983757,-7.3297675868850884,13.765688244639554
1,2,2012-08-03,504.9,B,0,466.32,455.68690257561633,-7.641117052881756,-9.747097925209674
1,2,2012-08-10,512.48,B,0,410.39,461.35760469771844,-19.920777396191074,-9.975490809842642
1,2,2012-08-17,461.35,B,0,450.55,459.85736767338625,-2.340955890321884,-0.3235357812103116
1,2,2012-08-24,276.24,B,0,394.39,426.43523842131526,42.77077903272516,54.37128526691111
1,2,2012-08-31,369.43,B,0,370.87,421.56764524384505,0.3897896759873312,14.112997115514453
1,2,2012-09-07,567.24,B,1,461.5,461.05324714229897,-18.641139552922926,-18.719898606886158
1,2,2012-09-14,399.43,B,0,429.84,436.8663556402919,7.613349022356851,9.372444643690228
1,2,2012-09-21,315.0,B,0,449.55,410.24920715719765,42.714285714285715,30.237843541967507
1,2,2012-09-28,491.38,B,0,535.92,430.617515218498,9.064267979974758,-12.365681301945948
1,2,2012-10-05,420.85,B,0,427.06,426.13720024379273,1.4755851253415657,1.2563146593305716
1,2,2012-10-12,480.41,B,0,437.3,404.3043601910784,-8.973585062758897,-15.841810080748035
1,2,2012-10-19,433.86,B,0,349.75,397.36264646801556,-19.386438021481585,-8.412242090071558
1,2,2012-10-26,444.66,B,0,338.74,401.0710228634894,-23.820447083164666,-9.802765514440383
1,3,2012-06-01,624.72,B,0,522.11,562.5997353170951,-16.42495838135485,-9.943697125577044
1,3,2012-06-08,577.51,B,0,452.48,565.5874111073566,-21.64984156118508,-2.0644818085649383
1,3,2012-06-15,443.09,B,0,592.4,582.5545634481356,33.69744295741272,31.475448204232915
1,3,2012-06-22,550.84,B,0,595.4,563.9708032026067,8.089463365042471,2.3837780848534367
1,3,2012-06-29,519.34,B,0,642.69,547.8702112308588,23.751299726576043,5.493551667666414
1,3,2012-07-06,666.5,B,0,656.61,552.7158941232236,-1.4838709677419335,-17.071883852479576
1,3,2012-07-13,450.76,B,0,647.36,521.5833456369802,43.61522761558258,15.711985455004926
1,3,2012-07-20,457.92,B,0,476.24,497.42591887342826,4.000698812019565,8.627253422743763
1,3,2012-07-27,609.37,B,0,507.62,517.4222473389582,-16.697572903162282,-15.088985782208153
1,3,2012-08-03,615.75,B,0,550.91,526.2608511809544,-10.530247665448647,-14.533357502078045
1,3,2012-08-10,474.42,B,0,671.28,555.2474065090719,41.4948779562413,17.037099302110338
1,3,2012-08-17,473.05,B,0,596.52,508.79377941087057,26.100835006870305,7.5560256655471
1,3,2012-08-24,543.75,B,0,565.84,503.2930374961562,4.06252873563219,-7.440360920247133
1,3,2012-08-31,350.99,B,0,463.57,491.56796459022087,32.074987891392915,40.051843240611085
1,3,2012-09-07,392.5,B,1,447.11,492.1816771996203,13.913375796178348,25.396605655954218
1,3,2012-09-14,467.71,B,0,525.49,474.84506734096135,12.353808984199617,1.5255323471726863
1,3,2012-09-21,578.32,B,0,401.7,470.29793688615536,-30.54018536450409,-18.678597163135407
1,3,2012-09-28,449.49,B,0,452.31,443.2443418397408,0.6273776947206819,-1.3894988009208682
1,3,2012-10-05,480.66,B,0,457.45,475.04542537287006,-4.828777098156708,-1.1680969140619084
1,3,2012-10-12,544.21,B,0,563.52,473.0580753248945,3.5482626192094866,-13.074350834256174
1,3,2012-10-19,605.13,B,0,440.42,476.0306043896326,-27.218944689570833,-21.334158876665747
1,3,2012-10-26,436.79,B,0,309.83,449.9243668336483,-29.06659951006205,3.007020955985325
1,4,2012-06-01,710.78,B,0,511.04,649.3985722971902,-28.101522271307573,-8.635784307775934
1,4,2012-06-08,550.51,B,0,619.21,689.5552321648657,12.47933734173767,25.25753068334195
1,4,2012-06-15,652.67,B,0,736.04,675.1648408014395,12.773683484762591,3.4465872188762354
1,4,2012-06-22,620.96,B,0,679.52,676.5126788503861,9.430559134243742,8.946257222749628
1,4,2012-06-29,495.56,B,0,648.71,652.6292482798966,30.90443135039148,31.695303955100616
1,4,2012-07-06,659.35,B,0,692.14,623.4348066168642,4.97307954803973,-5.447060496418568
1,4,2012-07-13,595.13,B,0,645.11,587.6049115312927,8.398165106783395,-1.2644444858614556
1,4,2012-07-20,464.06,B,0,686.22,576.7725909434357,47.87311985519114,24.288365931869954
1,4,2012-07-27,660.01,B,0,654.91,571.6097523817833,-0.7727155649156866,-13.393773975881679
1,4,2012-08-03,691.6,B,0,686.97,547.5260213880129,-0.6694621168305371,-20.83198071312712
1,4,2012-08-10,685.56,B,0,595.42,563.3623252616295,-13.14837505105315,-17.82450474624693
1,4,2012-08-17,596.68,B,0,624.33,565.8085418858793,4.633974659784155,-5.1738717761816435
1,4,2012-08-24,565.85,B,0,530.34,566.078395260542,-6.275514712379604,0.04036321649589386
1,4,2012-08-31,647.73,B,0,501.54,548.029094261532,-22.569589180677134,-15.392355725142885
1,4,2012-09-07,698.58,B,1,689.13,619.4320104170125,-1.3527441381087413,-11.3298390424844
1,4,2012-09-14,620.45,B,0,545.33,568.2314346697246,-12.107341445724877,-8.416240685031088
1,4,2012-09-21,469.48,B,0,581.38,598.0895687558304,23.8348811450967,27.39404633974406
1,4,2012-09-28,545.58,B,0,529.42,548.507450580186,-2.9619854100223764,0.5365758605861477
1,4,2012-10-05,559.35,B,0,476.61,575.0273895693364,-14.79216948243497,2.8027870866785296
1,4,2012-10-12,399.74,B,0,516.85,573.9803563972031,29.296542752789318,43.58842157332343
1,4,2012-10-19,559.31,B,0,616.47,545.1815503692094,10.219735030662797,-2.5260498883965163
1,4,2012-10-26,686.79,B,0,555.47,541.641703580595,-19.120837519474648,-21.134305452817443
1,5,2012-06-01,740.08,B,0,778.74,704.7517938791609,5.223759593557449,-4.773565847048849
1,5,2012-06-08,708.64,B,0,718.33,698.4899651631051,1.3674079927749005,-1.4323259817248337
1,5,2012-06-15,836.28,B,0,641.13,693.2161871717842,-23.33548572248529,-17.107166598294324
1,5,2012-06-22,792.08,B,0,632.33,714.3770667850919,-20.168417331582667,-9.809985508396647
1,5,2012-06-29,746.11,B,0,807.98,715.8748035537491,8.29234295211162,-4.0523778593305195
1,5,2012-07-06,708.12,B,0,672.93,700.7360348358491,-4.969496695475351,-1.0427561944516377
1,5,2012-07-13,716.02,B,0,800.75,711.1223040442408,11.833468338873217,-0.6840166414009691
1,5,2012-07-20,607.42,B,0,622.57,662.4845049297966,2.4941556089690975,9.06530982348237
1,5,2012-07-27,729.07,B,0,673.44,657.645662109423,-7.630268698478883,-9.796636521949473
1,5,2012-08-03,565.36,B,0,824.85,684.1579875111265,45.89818876468092,21.012803790704417
1,5,2012-08-10,705.18,B,0,546.85,628.6732547241207,-22.452423494710562,-10.84925058508171
1,5,2012-08-17,721.9,B,0,471.37,637.8356177101207,-34.70425266657431,-11.644879109278197
1,5,2012-08-24,636.64,B,0,708.1,654.381590866301,11.224553908017096,2.786754031525048
1,5,2012-08-31,597.7,B,0,535.53,652.6174523515009,-10.401539233729306,9.188129889827815
1,5,2012-09-07,666.01,B,1,619.39,666.4267005314883,-6.999894896473028,0.06256670793056342
1,5,2012-09-14,374.82,B,0,539.16,642.3733172878473,43.84504562189851,71.3818145477422
1,5,2012-09-21,613.91,B,0,599.46,576.9195524661919,-2.353765209884174,-6.025386055579489
1,5,2012-09-28,577.17,B,0,500.55,564.0893637923838,-13.275118249389253,-2.2663402823459604
1,5,2012-10-05,578.78,B,0,556.95,559.0268531852035,-3.7717267355471726,-3.412893813676427
1,5,2012-10-12,635.51,B,0,603.82,539.4950429933305,-4.986546238454146,-15.10833141990992
1,5,2012-10-19,574.55,B,0,490.47,578.3798759336007,-14.634061439387336,0.6665870565835456
1,5,2012-10-26,493.01,B,0,515.27,593.9938621591732,4.515121397131902,20.48312654087609
1,6,2012-06-01,805.18,B,0,891.56,856.838815278277,10.728035967112943,6.41580954299375
1,6,2012-06-08,852.39,B,0,825.14,831.980406468809,-3.1968934407958796,-2.3943961720798033
1,6,2012-06-15,815.2,B,0,790.77,816.39620111998,-2.9968105986261118,0.14673713444307485
1,6,2012-06-22,886.23,B,0,773.01,874.5715727215694,-12.775464608510209,-1.3155080823748488
1,6,2012-06-29,779.99,B,0,755.92,807.4629946530141,-3.085936999192304,3.522223958385889
1,6,2012-07-06,747.46,B,0,699.96,774.644532916166,-6.354855109303507,3.6369214293963488
1,6,2012-07-13,842.09,B,0,698.41,761.8391561562104,-17.06230925435524,-9.529960436982941
1,6,2012-07-20,785.96,B,0,849.13,764.3660343549843,8.037304697440067,-2.7474636934469583
1,6,2012-07-27,786.27,B,0,702.26,766.4781795833084,-10.684624874407008,-2.5171786303294823
1,6,2012-08-03,655.81,B,0,632.64,729.4154481370182,-3.533035482838011,11.223593439718554
1,6,2012-08-10,611.65,B,0,643.5,755.5958284079885,5.207226354941556,23.53401919528955
1,6,2012-08-17,640.66,B,0,768.88,692.7811043042046,20.013735834920244,8.135532779353271
1,6,2012-08-24,625.49,B,0,722.26,711.8441202636811,15.471070680586418,13.805835467182709
1,6,2012-08-31,734.73,B,0,702.71,683.4649485287896,-4.358063506322048,-6.977400061411733
1,6,2012-09-07,779.1,B,1,655.96,712.9980516283964,-15.805416506225129,-8.484398456116494
1,6,2012-09-14,638.67,B,0,687.4,656.4115741274028,7.629918424225346,2.777893767893095
1,6,2012-09-21,766.51,B,0,578.08,666.8450202199922,-24.582849538818795,-13.002436991038316
1,6,2012-09-28,756.23,B,0,605.57,650.3524925400727,-19.922510347381085,-14.000701831443779
1,6,2012-10-05,657.49,B,0,706.04,661.1431951942885,7.384142724604168,0.5556274915646647
1,6,2012-10-12,565.3,B,0,695.9,655.1507027109516,23.10277728639661,15.89433976843298
1,6,2012-10-19,767.61,B,0,538.33,645.2999589490103,-29.869334688188008,-15.933878017611775
1,6,2012-10-26,630.17,B,0,550.04,677.9760383048937,-12.715616420965773,7.586212975053354
1,7,2012-06-01,827.56,B,0,943.07,878.5399263128029,13.957900333510576,6.1602695046646705
1,7,2012-06-08,1085.17,B,0,885.44,847.1861442994184,-18.405411133739413,-21.930559792528513
1,7,2012-06-15,855.16,B,0,725.41,847.0890015419849,-15.172599279666962,-0.9437998103296557
1,7,2012-06-22,993.67,B,0,809.19,874.3571409389247,-18.5655197399539,-12.007292064878209
1,7,2012-06-29,821.48,B,0,756.93,863.1793412666447,-7.857768904903353,5.076123736018483
1,7,2012-07-06,850.28,B,0,892.31,875.9218771411136,4.943077574446061,3.01569802195907
1,7,2012-07-13,691.8,B,0,907.28,842.9633141653152,31.147730557964735,21.850724799843196
1,7,2012-07-20,758.51,B,0,882.53,783.5883865372297,16.350476592266414,3.306269731081947
1,7,2012-07-27,805.32,B,0,702.65,774.4365391517956,-12.748969353797257,-3.834930319401534
1,7,2012-08-03,918.24,B,0,507.11,792.4405489150939,-44.7736975082767,-13.700062193425039
1,7,2012-08-10,780.05,B,0,583.44,757.3058255657065,-25.20479456445098,-2.9157328933136886
1,7,2012-08-17,874.34,B,0,863.81,782.3812915787704,-1.2043369856120143,-10.517499876618892
1,7,2012-08-24,794.53,B,0,684.86,761.8201393967981,-13.803128893811431,-4.116881754395911
1,7,2012-08-31,874.48,B,0,642.14,729.6136560197913,-26.5689323941085,-16.565998534009783
1,7,2012-09-07,745.63,B,1,894.96,817.9022329659898,20.027359414186666,9.692774293683168
1,7,2012-09-14,926.71,B,0,809.41,730.0650975272484,-12.6576814753267,-21.21968064148996
1,7,2012-09-21,655.8,B,0,688.6,746.3711850363117,5.001524855138772,13.810793692636736
1,7,2012-09-28,624.58,B,0,654.0,706.0734109991682,4.710365365525626,13.04771382355634
1,7,2012-10-05,580.0,B,0,664.95,707.4685868876293,14.646551724137938,21.977342566832633
1,7,2012-10-12,902.87,B,0,695.71,697.4515700424225,-22.944609965997316,-22.751717296795494
1,7,2012-10-19,763.53,B,0,821.19,709.2241839507885,7.551766138855067,-7.1124665761936585
1,7,2012-10-26,658.73,B,0,714.18,733.8794644214003,8.417712871738031,11.408234697281168
1,8,2012-06-01,971.23,B,0,854.06,927.5972128918582,-12.06408368769499,-4.492528763335335
1,8,2012-06-08,1010.67,B,0,1012.53,923.7772571189802,0.1840363323339976,-8.597538551754756
1,8,2012-06-15,985.18,B,0,936.57,902.9648471135332,-4.934123713433068,-8.345191019556502
1,8,2012-06-22,942.63,B,0,747.95,917.0889231743154,-20.652854248220397,-2.70955484396684
1,8,2012-06-29,960.38,B,0,966.47,916.0791395027545,0.6341239925862713,-4.612847049839177
1,8,2012-07-06,887.07,B,0,1001.69,906.689502250445,12.92118998500682,2.21171973468215
1,8,2012-07-13,917.77,B,0,776.91,870.5687743177652,-15.34807195702627,-5.143034276805162
1,8,2012-07-20,790.36,B,0,846.27,856.8915646857866,7.073991598765115,8.417881052404807
1,8,2012-07-27,884.24,B,0,661.7,854.2210434380379,-25.16737537320184,-3.394887876816488
1,8,2012-08-03,899.4,B,0,693.48,845.6986639370218,-22.895263509006,-5.970795648541045
1,8,2012-08-10,752.94,B,0,907.9,837.0240336271861,20.580657157276796,11.167428165217155
1,8,2012-08-17,811.04,B,0,744.62,814.2007102051066,-8.189485105543495,0.3897107670529968
1,8,2012-08-24,731.66,B,0,668.52,800.1071943152755,-8.629691386709673,9.355054849967951
1,8,2012-08-31,729.8,B,0,789.54,778.6960187235246,8.185804329953413,6.699920351264
1,8,2012-09-07,693.29,B,1,740.07,741.3257035038387,6.747537105684502,6.928659508119071
1,8,2012-09-14,888.05,B,0,701.01,728.4023750247162,-21.06187714655706,-17.97732390915869
1,8,2012-09-21,860.8,B,0,813.38,756.6928765670663,-5.508828996282523,-12.094229023342669
1,8,2012-09-28,802.66,B,0,619.32,716.0806574616967,-22.84155184013155,-10.786552530125247
1,8,2012-10-05,940.55,B,0,640.54,738.6143907206075,-31.89729413640955,-21.469949421018814
1,8,2012-10-12,724.15,B,0,743.03,751.8228876313451,2.6071946419940617,3.8214303157281138
1,8,2012-10-19,1042.44,B,0,823.15,834.509597590677,-21.03622270826139,-19.9465103420171
1,8,2012-10-26,720.94,B,0,850.95,838.7681313901372,18.0334008377951,16.343680665539043
1,9,2012-06-01,970.06,B,0,1080.74,1051.609099351425,11.409603529678584,8.406603648374839
1,9,2012-06-08,1053.1,B,0,886.04,995.7227909821991,-15.863640679897442,-5.448410314101306
1,9,2012-06-15,706.81,B,0,1090.63,1006.3375825378517,54.303136627948135,42.377383248376766
1,9,2012-06-22,981.28,B,0,1018.74,954.0163973894945,3.8174629055926994,-2.7783713731560282
1,9,2012-06-29,937.86,B,0,815.03,914.4700048440609,-13.096837481073939,-2.4939751301835154
1,9,2012-07-06,869.18,B,0,1068.23,926.6215298943844,22.90089509652777,6.6087035935461484
1,9,2012-07-13,1055.51,B,0,1161.73,937.0481849445684,10.063381682788417,-11.223182637344179
1,9,2012-07-20,890.31,B,0,1015.16,887.9212076671452,14.023205400366168,-0.2683101765514025
1,9,2012-07-27,890.42,B,0,1044.62,868.0723284461279,17.317670312886047,-2.5097899366447334
1,9,2012-08-03,853.75,B,0,886.68,848.2111172158321,3.8571010248901847,-0.6487710435335716
1,9,2012-08-10,675.24,B,0,686.15,859.9145575504505,1.6157218174278727,27.34946945537149
1,9,2012-08-17,744.29,B,0,652.45,838.5178998350788,-12.339276357333825,12.66010558184025
1,9,2012-08-24,953.18,B,0,861.99,824.7309315757844,-9.566923351308247,-13.475845949790754
1,9,2012-08-31,614.7,B,0,759.72,791.2929167594772,23.591996095656413,28.72830921741941
1,9,2012-09-07,783.7,B,1,750.15,774.9264077400261,-4.280974862830173,-1.1195090289618415
1,9,2012-09-14,775.74,B,0,795.33,753.3999808826127,2.525330652022589,-2.8798333355747197
1,9,2012-09-21,995.4,B,0,859.39,753.2749438318159,-13.663853727144865,-24.324397846914213
1,9,2012-09-28,885.58,B,0,633.44,703.2161154494373,-28.471736037399214,-20.592592939154304
1,9,2012-10-05,740.31,B,0,735.61,783.1680132776465,-0.6348691764260825,5.789198211242128
1,9,2012-10-12,935.46,B,0,941.07,840.2357493419898,0.5997049579885846,-10.17940378615977
1,9,2012-10-19,717.6,B,0,665.84,799.6392509429353,-7.21293199554069,11.432448570643153
1,9,2012-10-26,904.71,B,0,873.7,850.9649069103905,-3.4276176896464046,-5.940587933106692
1,10,2012-06-01,1280.97,B,0,767.51,1074.6202472898594,-40.08368658126264,-16.108866929759525
1,10,2012-06-08,1135.63,B,0,991.89,1098.5059613235549,-12.657291547423025,-3.269025886639596
1,10,2012-06-15,1061.96,B,0,989.75,1044.906389714579,-6.799691137142645,-1.6058618295812435
1,10,2012-06-22,803.26,B,0,919.28,1004.3426259223583,14.44364215820531,25.03331747159802
1,10,2012-06-29,807.57,B,0,1038.42,1036.8059042501006,28.58575727181545,28.385886579504017
1,10,2012-07-06,1035.6,B,0,997.28,979.5544858703652,-3.7002703746620256,-5.411888193282613
1,10,2012-07-13,963.81,B,0,730.9,983.532232111673,-24.16555130160509,2.046278012437417
1,10,2012-07-20,862.26,B,0,994.8,957.1832426064002,15.37123373460441,11.008656624034538
1,10,2012-07-27,978.34,B,0,848.33,904.4934513303355,-13.28883619191692,-7.548147747170162
1,10,2012-08-03,967.46,B,0,992.18,919.4517682507869,2.5551443987348224,-4.962296296406374
1,10,2012-08-10,1045.5,B,0,775.72,869.7347809308757,-25.803921568627448,-16.811594363378703
1,10,2012-08-17,938.61,B,0,909.22,903.6223353964608,-3.131225961794567,-3.727604074486656
1,10,2012-08-24,1048.11,B,0,859.38,862.0850344027501,-18.006697770272197,-17.748610889815936
1,10,2012-08-31,896.57,B,0,912.73,855.3030201580943,1.8024247967252938,-4.602761618379569
1,10,2012-09-07,914.35,B,1,924.76,881.4790808989026,1.138513698255588,-3.5950040029635764
1,10,2012-09-14,994.36,B,0,827.42,866.9765370208582,-16.788688201456218,-12.810598071034812
1,10,2012-09-21,754.18,B,0,673.61,841.4230342751739,-10.683126044180428,11.567932625523609
1,10,2012-09-28,1177.63,B,0,673.61,845.0571592672956,-42.79952107198356,-28.2408600946566
1,10,2012-10-05,896.24,B,0,770.16,851.6024161391326,-14.067660448094266,-4.980539125777401
1,10,2012-10-12,894.12,B,0,832.69,848.6282341415429,-6.870442446204084,-5.087881476586715
1,10,2012-10-19,909.78,B,0,763.95,879.8728285714049,-16.029149904372478,-3.2872970859543096
1,10,2012-10-26,1064.48,B,0,905.2,876.4348573187278,-14.963174507740867,-17.665446291266363
2,1,2012-06-01,779.48,A,0,702.45,675.586886025651,-9.88222917842664,-13.3285156738273
2,1,2012-06-08,728.88,A,0,717.75,685.1569460930406,-1.5270003292723076,-5.998662867270253
2,1,2012-06-15,593.76,A,0,756.84,678.3966950001127,27.4656426839127,14.254361189725259
2,1,2012-06-22,702.37,A,0,669.98,665.1883403555114,-4.6115295357147925,-5.293742563675641
2,1,2012-06-29,690.18,A,0,699.47,658.667771707951,1.346025674461746,-4.565798529666018
2,1,2012-07-06,578.19,A,0,603.33,663.5348311117477,4.34805167851398,14.760689585040849
2,1,2012-07-13,684.67,A,0,580.28,640.7578037420438,-15.246761213431286,-6.413629377357869
2,1,2012-07-20,603.05,A,0,637.01,625.2755348536919,5.631373849597884,3.6855210768082083
2,1,2012-07-27,504.48,A,0,565.91,616.5186501121736,12.176895020615277,22.208739714591978
2,1,2012-08-03,625.79,A,0,601.9,609.4400520671106,-3.8175745857236434,-2.6126892300754783
2,1,2012-08-10,599.02,A,0,498.09,593.4207887234768,-16.849187005442225,-0.9347286028051137
2,1,2012-08-17,558.15,A,0,501.25,563.6304802265305,-10.194392188479796,0.9819009632769895
2,1,2012-08-24,562.66,A,0,599.37,581.6416262896913,6.5243664024455335,3.3735517523355756
2,1,2012-08-31,506.4,A,0,608.92,557.6219741134291,20.244865718799364,10.114923798070528
2,1,2012-09-07,622.49,A,1,492.99,590.76846326608,-20.80354704493245,-5.095911056229026
2,1,2012-09-14,540.38,A,0,579.99,545.6394711030042,7.330027018024356,0.9732912215485799
2,1,2012-09-21,549.89,A,0,489.8,527.2280661661766,-10.927640073469234,-4.121175841317965
2,1,2012-09-28,559.18,A,0,524.38,520.830889566377,-6.223398547873664,-6.858097648990123
2,1,2012-10-05,449.57,A,0,620.22,547.4229841868943,37.95849367173078,21.765906129611466
2,1,2012-10-12,466.22,A,0,575.51,542.5201127471443,23.441722791815014,16.36568846191588
2,1,2012-10-19,372.98,A,0,574.25,549.3124084160357,53.9626789640195,47.27663907341834
2,1,2012-10-26,569.56,A,0,653.61,569.9578664481036,14.757005407683138,0.06985505444617382
2,2,2012-06-01,777.67,A,0,754.19,735.0902336255438,-3.0192755281803216,-5.475300111159772
2,2,2012-06-08,759.13,A,0,764.78,723.8739433936562,0.7442730494118237,-4.644271285068935
2,2,2012-06-15,710.58,A,0,790.9,726.3591691675348,11.30344225843676,2.2206041779299652
2,2,2012-06-22,743.57,A,0,655.64,724.4541475292838,-11.825382949823158,-2.570820833373627
2,2,2012-06-29,788.75,A,0,645.88,707.0515481779511,-18.113470681458004,-10.357965365711433
2,2,2012-07-06,692.44,A,0,800.8,748.6155136920919,15.649009300444789,8.112690441351141
2,2,2012-07-13,713.24,A,0,736.63,693.872738995007,3.2794010431271365,-2.7153918744031458
2,2,2012-07-20,662.59,A,0,634.83,683.8481553428696,-4.189619523385501,3.208342314684737
2,2,2012-07-27,615.3,A,0,645.38,658.4886599119711,4.888672192426466,7.019122365020507
2,2,2012-08-03,694.92,A,0,634.42,663.3547769264028,-8.706038105105625,-4.542281568180102
2,2,2012-08-10,600.13,A,0,633.88,664.2474321989832,5.623781514005299,10.683923849663113
2,2,2012-08-17,662.84,A,0,657.7,675.2034867090506,-0.7754510892523061,1.865229423247022
2,2,2012-08-24,625.2,A,0,808.22,698.7216577880807,29.27383237364043,11.75970214140766
2,2,2012-08-31,590.36,A,0,616.88,625.2831636319603,4.492174266549221,5.91557077579109
2,2,2012-09-07,609.43,A,1,677.85,629.1564901031763,11.226884137636821,3.236875457915821
2,2,2012-09-14,559.41,A,0,455.94,604.5019780790747,-18.496272858904913,8.06063139362448
2,2,2012-09-21,465.12,A,0,543.51,588.0906847460591,16.853715170278637,26.438485712517
2,2,2012-09-28,618.25,A,0,672.15,571.5737377074732,8.718156085725836,-7.549739149620178
2,2,2012-10-05,603.22,A,0,604.64,584.7421293589049,0.2354033354331685,-3.063205901842634
2,2,2012-10-12,649.39,A,0,230.24,572.344452443595,-64.54518856157317,-11.864295347388325
2,2,2012-10-19,541.54,A,0,623.39,598.5683132378199,15.114303652546447,10.530766561624244
2,2,2012-10-26,731.14,A,0,721.05,604.4962491463078,-1.3800366550865815,-17.32140914923163
2,3,2012-06-01,912.46,A,0,832.12,832.8161351477472,-8.804769524143527,-8.72847739651632
2,3,2012-06-08,782.28,A,0,890.62,810.2741423126329,13.84926113412078,3.578532279060299
2,3,2012-06-15,766.8,A,0,883.44,819.9108050693603,15.211267605633816,6.92629174091815
2,3,2012-06-22,706.44,A,0,701.05,824.7933848307496,-0.7629805786761933,16.753494257226308
2,3,2012-06-29,763.94,A,0,783.98,805.3649387136418,2.623242663036359,5.422538250862859
2,3,2012-07-06,716.91,A,0,679.7,765.8774930860851,-5.190330724916645,6.83035431031582
2,3,2012-07-13,666.44,A,0,723.37,761.3074456031284,8.542404417501942,14.234956725756003
2,3,2012-07-20,900.5,A,0,754.15,714.7740570860777,-16.252082176568575,-20.624757680613246
2,3,2012-07-27,766.85,A,0,424.71,702.4012187116805,-44.616287409532504,-8.404353040140776
2,3,2012-08-03,763.48,A,0,906.72,725.0420824307689,18.76146068004401,-5.034567712216575
2,3,2012-08-10,777.91,A,0,738.02,688.9794628949556,-5.127842552480363,-11.431982762150419
2,3,2012-08-17,756.92,A,0,627.86,732.1209382699222,-17.050679067801084,-3.276312124144918
2,3,2012-08-24,645.61,A,0,831.46,699.9323963239156,28.786728830098667,8.414119410157145
2,3,2012-08-31,694.01,A,0,628.38,699.8824311362191,-9.456636071526345,0.8461594409618189
2,3,2012-09-07,671.15,A,1,693.35,715.5273052596718,3.307755345302845,6.612129219946637
2,3,2012-09-14,691.63,A,0,600.04,690.9482610895637,-13.242629729768812,-0.09856988714142705
2,3,2012-09-21,677.02,A,0,775.36,692.2000923033546,14.525420223922488,2.242192594510447
2,3,2012-09-28,610.48,A,0,621.11,696.8787111595207,1.7412527846940105,14.152586679255771
2,3,2012-10-05,526.5,A,0,639.16,667.2082530554367,21.397910731244057,26.725214255543527
2,3,2012-10-12,649.78,A,0,726.65,693.1445940267738,11.830157899596788,6.6737348066690005
2,3,2012-10-19,619.48,A,0,673.58,679.8404130748457,8.733131013107771,9.74372265042386
2,3,2012-10-26,477.28,A,0,620.28,644.6935999195721,29.961448206503523,35.07660072066127
2,4,2012-06-01,964.51,A,0,875.1,853.2209072562362,-9.269992016671674,-11.538407351273063
2,4,2012-06-08,795.35,A,0,843.21,840.9156579610267,6.017476582636577,5.729007098890634
2,4,2012-06-15,963.2,A,0,905.58,828.6052518773394,-5.982142857142858,-13.973707238648329
2,4,2012-06-22,1150.53,A,0,995.11,874.6320218401237,-13.508556925938478,-23.980076848050576
2,4,2012-06-29,633.05,A,0,868.42,911.2295188144799,37.18031751046521,43.94274051251559
2,4,2012-07-06,893.57,A,0,857.32,858.3614849463372,-4.056761081952169,-3.9402078240834895
2,4,2012-07-13,649.48,A,0,806.77,883.7838561456055,24.217835807107218,36.07560758539223
2,4,2012-07-20,841.8,A,0,758.2,819.469367224795,-9.931100023758601,-2.6527242545978864
2,4,2012-07-27,769.81,A,0,759.86,799.4422985178953,-1.2925267273742784,3.849300284212388
2,4,2012-08-03,787.41,A,0,773.87,792.9738934737585,-1.7195616006908678,0.7066069104733907
2,4,2012-08-10,678.44,A,0,906.7,773.3446621511808,33.644832262248684,13.988659594242788
2,4,2012-08-17,821.95,A,0,713.88,778.141041134378,-13.148001703266626,-5.32988124163538
2,4,2012-08-24,604.94,A,0,729.19,725.6170729799942,20.539227030779912,19.948602006809622
2,4,2012-08-31,842.13,A,0,633.92,744.4128446783341,-24.724211226295232,-11.60357133953973
2,4,2012-09-07,714.47,A,1,808.64,744.279803742817,13.180399456940103,4.172296071607897
2,4,2012-09-14,580.6,A,0,821.72,718.5286812062745,41.52945229073372,23.75623169243447
2,4,2012-09-21,849.89,A,0,838.55,710.5816526209298,-1.3342903199237586,-16.391338570764468
2,4,2012-09-28,691.28,A,0,702.16,691.9780498425048,1.573891910658488,0.10097931988554788
2,4,2012-10-05,869.39,A,0,732.48,680.9191341735138,-15.74782318637205,-21.678517791380873
2,4,2012-10-12,803.92,A,0,663.17,664.6239198109978,-17.5079609911434,-17.32710719835334
2,4,2012-10-19,617.27,A,0,725.41,719.2904700228088,17.519075931116042,16.527689669481557
2,4,2012-10-26,684.09,A,0,706.79,685.2790029132104,3.318276834919372,0.173807965795495
2,5,2012-06-01,887.97,A,0,994.96,976.3095918837319,12.048830478507156,9.948488336737933
2,5,2012-06-08,967.52,A,0,850.42,901.5839145017653,-12.10310897965934,-6.8149583986103295
2,5,2012-06-15,806.18,A,0,994.35,959.9582441729441,23.340941229005942,19.074926712761933
2,5,2012-06-22,888.44,A,0,1118.48,956.8321795369899,25.892575750754126,7.698007691795712
2,5,2012-06-29,856.8,A,0,887.03,928.7162161066233,3.5282446311858098,8.393582645497586
2,5,2012-07-06,940.46,A,0,745.6,905.3323876192096,-20.719647831912045,-3.7351522000712865
2,5,2012-07-13,980.89,A,0,731.11,856.501231979806,-25.464629061362636,-12.681214817175626
2,5,2012-07-20,963.64,A,0,927.17,861.0719771957123,-3.7846083599684563,-10.643811257760957
2,5,2012-07-27,766.78,A,0,829.41,853.7001112302015,8.167923002686559,11.335730096012094
2,5,2012-08-03,935.24,A,0,907.99,865.9139749245779,-2.9136906034814594,-7.412645425283572
2,5,2012-08-10,817.64,A,0,753.85,836.9595286244821,-7.8017220292549245,2.3628404462210915
2,5,2012-08-17,776.39,A,0,876.0,836.6794009552299,12.829892193356434,7.765350011621723
2,5,2012-08-24,725.71,A,0,765.21,802.0697261097832,5.442945529205881,10.522071641534938
2,5,2012-08-31,728.96,A,0,696.65,765.7727542202438,-4.432341966637409,5.05003761800973
2,5,2012-09-07,994.73,A,1,755.24,772.0421713022959,-24.075879887004515,-22.386761100771484
2,5,2012-09-14,795.85,A,0,631.24,734.2039971697,-20.683545894326823,-7.745932377998374
2,5,2012-09-21,775.19,A,0,940.32,785.8836259330187,21.301874379184458,1.3794845048334816
2,5,2012-09-28,725.93,A,0,727.25,751.4426705668669,0.18183571418732525,3.514480813145479
2,5,2012-10-05,990.81,A,0,796.69,790.5690015000388,-19.592050948214077,-20.209828170886563
2,5,2012-10-12,875.05,A,0,676.91,760.0576031922611,-22.643277526998457,-13.141237278754222
2,5,2012-10-19,673.16,A,0,625.13,798.3376718098884,-7.135005050805154,18.59553030629991
2,5,2012-10-26,718.8,A,0,707.59,786.0863453132971,-1.5595436839176298,9.360927283430321
2,6,2012-06-01,1014.75,A,0,1013.01,1049.0241174360724,-0.17147080561714798,3.377592257804622
2,6,2012-06-08,1206.99,A,0,1088.17,1081.5343002458023,-9.844323482381787,-10.39409603676896
2,6,2012-06-15,985.3,A,0,778.88,1023.9420103835128,-20.94996447782401,3.921852266671349
2,6,2012-06-22,963.2,A,0,931.66,1067.5514727948564,-3.274501661129576,10.833832308436083
2,6,2012-06-29,955.95,A,0,1065.49,1025.4717187512815,11.458758303258534,7.272526675169357
2,6,2012-07-06,818.85,A,0,788.23,920.65079131167,-3.7393906087806075,12.432166002524268
2,6,2012-07-13,833.17,A,0,951.79,881.4035883956416,14.23719048933591,5.7891652838726335
2,6,2012-07-20,871.35,A,0,918.66,950.7104607480409,5.429505939060072,9.107759310040839
2,6,2012-07-27,1033.16,A,0,1078.54,890.0428422729484,4.392349684463189,-13.852371145519731
2,6,2012-08-03,893.11,A,0,855.86,886.5436950380233,-4.170818824109012,-0.73521794202021
2,6,2012-08-10,829.96,A,0,847.06,845.689315248769,2.0603402573617897,1.895189557179745
2,6,2012-08-17,997.92,A,0,942.08,822.6584175252967,-5.595638928972255,-17.56268863984119
2,6,2012-08-24,1019.06,A,0,696.22,889.2831713136095,-31.680175848330812,-12.734954633327817
2,6,2012-08-31,975.2,A,0,801.66,866.5080857864209,-17.795324036095167,-11.145602359883013
2,6,2012-09-07,776.47,A,1,803.85,883.7788845438857,3.526214792586963,13.820094085268678
2,6,2012-09-14,768.01,A,0,789.72,851.1165863652808,2.82678610955587,10.82102920082822
2,6,2012-09-21,1006.02,A,0,886.91,823.714676343988,-11.839724856364686,-18.121441289041172
2,6,2012-09-28,832.18,A,0,849.27,819.6342728287636,2.053642240861356,-1.5075737426081266
2,6,2012-10-05,773.5,A,0,705.99,811.3849453956218,-8.727860374919198,4.897859779653755
2,6,2012-10-12,875.96,A,0,797.73,870.6298252605005,-8.930773094661859,-0.6084952211858431
2,6,2012-10-19,906.09,A,0,941.31,875.4803456910057,3.887031089626849,-3.378213456609644
2,6,2012-10-26,739.17,A,0,695.22,774.6151390026423,-5.945858192296757,4.795262118679377
2,7,2012-06-01,1110.98,A,0,1020.11,1130.1536313122813,-8.179265153288089,1.7258304661003132
2,7,2012-06-08,881.08,A,0,1097.34,1084.1460289168958,24.544876742180037,23.047399659156465
2,7,2012-06-15,1147.6,A,0,1344.03,1109.0275630240228,17.11659114674103,-3.3611395064462446
2,7,2012-06-22,1092.12,A,0,1024.14,1146.5969136066567,-6.224590704318189,4.988180200587556
2,7,2012-06-29,1033.46,A,0,973.13,1115.9691017241373,-5.83767151123411,7.983773123694897
2,7,2012-07-06,979.55,A,0,1122.08,1082.8958981932553,14.550558930120971,10.550344361518594
2,7,2012-07-13,905.62,A,0,1017.29,1002.9914641864348,12.330778913893239,10.751911859989264
2,7,2012-07-20,1073.36,A,0,1136.95,970.8880525884025,5.924386971752268,-9.546838657262931
2,7,2012-07-27,840.58,A,0,975.16,940.6164068925281,16.01037378952627,11.900878785187373
2,7,2012-08-03,1015.46,A,0,911.62,928.2266156453856,-10.22590747050598,-8.590528859296722
2,7,2012-08-10,1177.13,A,0,720.93,963.5719140240127,-38.755277666867734,-18.142268566427447
2,7,2012-08-17,1094.82,A,0,724.26,922.8877602466005,-33.84665972488628,-15.704155911784538
2,7,2012-08-24,740.29,A,0,685.33,961.7124703695407,-7.424117575544709,29.91023387720228
2,7,2012-08-31,837.26,A,0,924.1,873.0896683395343,10.371927477724965,4.279395688261036
2,7,2012-09-07,981.16,A,1,749.91,902.7778076449378,-23.56904072730238,-7.988726849347937
2,7,2012-09-14,868.25,A,0,1001.71,863.5278134900906,15.371148862654769,-0.5438740581525391
2,7,2012-09-21,708.52,A,0,853.78,897.0479140971935,20.501891266301588,26.608693346298413
2,7,2012-09-28,904.81,A,0,815.86,820.5549386587018,-9.830793205203294,-9.311906515323459
2,7,2012-10-05,855.07,A,0,742.87,905.0999459094415,-13.121732723636667,5.850976634596172
2,7,2012-10-12,1071.19,A,0,906.87,873.2268285725518,-15.339949028650382,-18.480677697462475
2,7,2012-10-19,823.94,A,0,743.89,848.5383650742185,-9.71551326552905,2.9854558674440446
2,7,2012-10-26,986.97,A,0,724.68,895.3876583754859,-26.57527584425059,-9.279141374561956
2,8,2012-06-01,1214.09,A,0,1226.88,1107.8575380264324,1.0534639112421806,-8.749965980575372
2,8,2012-06-08,1177.89,A,0,1150.63,1030.9029671583714,-2.314307787654194,-12.47884206858269
2,8,2012-06-15,1266.24,A,0,1432.62,1103.5484232826077,13.139689158453363,-12.848399728123603
2,8,2012-06-22,1213.18,A,0,1279.92,1144.0687290235578,5.501244662787056,-5.696703784800462
2,8,2012-06-29,1235.48,A,0,1173.39,1146.2084331401695,-5.025577103635827,-7.225658599073275
2,8,2012-07-06,1162.35,A,0,1100.44,1096.3264215307604,-5.32627865961198,-5.680180536778037
2,8,2012-07-13,1096.52,A,0,1072.51,1038.511328055239,-2.1896545434647785,-5.290252065148022
2,8,2012-07-20,1186.25,A,0,913.45,1037.0411094503036,-22.99683877766069,-12.578199414094538
2,8,2012-07-27,1146.62,A,0,806.65,1041.0595893318114,-29.649753187629724,-9.206224439499444
2,8,2012-08-03,1063.31,A,0,893.84,971.2185875222553,-15.937967290818285,-8.660824451735111
2,8,2012-08-10,1154.48,A,0,976.52,1005.826202823924,-15.414732173792533,-12.876255732111087
2,8,2012-08-17,700.75,A,0,711.35,980.2835535436245,1.5126650017838064,39.89062483676411
2,8,2012-08-24,934.06,A,0,884.9,1045.1834913713185,-5.2630452005224475,11.896825832528805
2,8,2012-08-31,918.19,A,0,906.77,1027.874206507174,-1.243751293305315,11.94569822228231
2,8,2012-09-07,1136.13,A,1,943.01,1003.1302311125597,-16.998054800066903,-11.706386495158156
2,8,2012-09-14,1121.76,A,0,833.23,955.5631780119105,-25.72118813293396,-14.815720117323625
2,8,2012-09-21,747.23,A,0,862.87,967.4713660789095,15.475824043467204,29.474374165773515
2,8,2012-09-28,1086.16,A,0,1105.53,896.5418604104015,1.7833468365618226,-17.45766181682244
2,8,2012-10-05,768.73,A,0,972.04,967.7954776291961,26.447517333784287,25.895369977650933
2,8,2012-10-12,769.45,A,0,821.25,923.0308709457126,6.7320813568133016,19.95982467291086
2,8,2012-10-19,878.39,A,0,880.01,919.8043224534034,0.1844283291021078,4.714798945047579
2,8,2012-10-26,869.7,A,0,886.31,932.9173668564364,1.90985397263423,7.268870513560577
2,9,2012-06-01,1546.46,A,0,1133.18,1253.904483486101,-26.724260569300206,-18.917755164304214
2,9,2012-06-08,873.16,A,0,880.06,1196.5080483596064,0.7902331760502059,37.03193553983307
2,9,2012-06-15,1192.62,A,0,1046.94,1274.244743763774,-12.2151230064899,6.844153524490129
2,9,2012-06-22,1096.8,A,0,1161.56,1267.7575799391586,5.904449307075127,15.586942007581936
2,9,2012-06-29,1137.74,A,0,1160.3,1261.142825766793,1.9828783377573034,10.846311614849883
2,9,2012-07-06,1099.97,A,0,1349.79,1207.9114730420863,22.711528496231708,9.813128816430108
2,9,2012-07-13,1238.95,A,0,1190.05,1180.821097511805,-3.9468905121272115,-4.691787601452447
2,9,2012-07-20,1101.57,A,0,1106.89,1179.0747023243057,0.4829470664597042,7.03583996698401
2,9,2012-07-27,980.34,A,0,1073.36,1062.5436872596272,9.488544790582845,8.385222194302704
2,9,2012-08-03,1056.35,A,0,1200.36,1056.6941900414995,13.632792161688833,0.03258295465514149
2,9,2012-08-10,1126.29,A,0,965.15,1025.138545384168,-14.307150023528575,-8.980942263167735
2,9,2012-08-17,891.37,A,0,1005.53,976.3699424748635,12.807251758529004,9.535876513104936
2,9,2012-08-24,815.93,A,0,867.75,1060.938959699837,6.3510350152586685,30.028183753488285
2,9,2012-08-31,1267.39,A,0,1174.31,910.7492772707209,-7.344227112412134,-28.139777237415416
2,9,2012-09-07,962.23,A,1,1080.95,1132.7121324986258,12.338006505721088,17.71739942618977
2,9,2012-09-14,969.58,A,0,876.96,942.5627282148615,-9.552589781142352,-2.786492273472897
2,9,2012-09-21,926.57,A,0,943.33,891.7943526848063,1.8088217835673497,-3.7531592124927133
2,9,2012-09-28,1040.22,A,0,1015.74,850.572571882016,-2.3533483301609293,-18.2314729689858
2,9,2012-10-05,1191.78,A,0,912.93,1014.8235365532939,-23.397774757086044,-14.848081310871642
2,9,2012-10-12,1035.81,A,0,873.46,941.9594028841328,-15.673723945511234,-9.06059963853092
2,9,2012-10-19,766.14,A,0,857.31,985.6387901402998,11.899913853864824,28.649958250489437
2,9,2012-10-26,784.88,A,0,986.13,1001.4137260633713,25.640862297421265,27.588131442178593
2,10,2012-06-01,1393.37,A,0,1173.85,1269.246711780764,-15.75460932846265,-8.908135543268191
2,10,2012-06-08,1227.27,A,0,1349.04,1273.8093852529867,9.922022048937885,3.7921064845540657
2,10,2012-06-15,1420.6,A,0,1243.51,1348.606121995273,-12.465859495987607,-5.06785006368625
2,10,2012-06-22,1153.01,A,0,1301.25,1211.5807164129976,12.856783549145282,5.079809924718574
2,10,2012-06-29,1342.79,A,0,1155.42,1331.4041201554169,-13.953782795522748,-0.8479270656307455
2,10,2012-07-06,1165.58,A,0,1034.1,1145.5902130185373,-11.280221005851168,-1.715007719887323
2,10,2012-07-13,1246.01,A,0,1412.88,1254.1360822095048,13.392348376016253,0.6521682979674986
2,10,2012-07-20,1116.17,A,0,1367.38,1173.467193718773,22.50642823225853,5.1333751775063705
2,10,2012-07-27,1165.47,A,0,1257.67,1227.2401694078105,7.910971539378966,5.300022257785314
2,10,2012-08-03,993.55,A,0,1065.87,1083.1448621267211,7.278949222485022,9.01765005553029
2,10,2012-08-10,1153.41,A,0,1058.6,1087.5809910950986,-8.21997381676942,-5.707338145577154
2,10,2012-08-17,1107.65,A,0,1268.11,1053.5069862981024,14.486525527016639,-4.888097657373506
2,10,2012-08-24,1011.48,A,0,1016.04,1006.0814057652752,0.4508245343457058,-0.5337321780682547
2,10,2012-08-31,1061.45,A,0,962.63,1035.1303307399153,-9.309906260304306,-2.4795957661769057
2,10,2012-09-07,1126.63,A,1,1351.97,1222.2750718695263,20.00124264399136,8.489483847361262
2,10,2012-09-14,959.23,A,0,1015.54,970.4188817158263,5.870333496658773,1.1664440974350525
2,10,2012-09-21,1015.05,A,0,1251.17,992.8799471420151,23.26190828038029,-2.184134068073971
2,10,2012-09-28,888.39,A,0,814.57,1005.581304484872,-8.30941365841578,13.19142544207747
2,10,2012-10-05,1336.29,A,0,1068.29,929.0262860627081,-20.055526869167622,-30.477195364575945
2,10,2012-10-12,1158.87,A,0,1275.18,980.621131089794,10.036501074322416,-15.38126527653714
2,10,2012-10-19,1051.65,A,0,998.06,977.9774656155445,-5.095801835211348,-7.0054233237727015
2,10,2012-10-26,1174.95,A,0,959.93,961.700702006557,-18.300353206519436,-18.14964875045262
3,1,2012-06-01,190.16,C,0,172.88,204.0470590279934,-9.087084560370215,7.302828685314165
3,1,2012-06-08,221.56,C,0,189.47,181.4837669233063,-14.483661310705905,-18.08820774358806
3,1,2012-06-15,169.99,C,0,179.93,191.66366410898985,5.847402788399316,12.749964179651649
3,1,2012-06-22,176.34,C,0,183.6,177.53191732492562,4.117046614494721,0.6759199982565566
3,1,2012-06-29,187.63,C,0,189.85,182.18409036007773,1.1831796621009427,-2.90247276017815
3,1,2012-07-06,225.97,C,0,166.75,177.01865091919493,-26.207018630791694,-21.662764562023753
3,1,2012-07-13,210.96,C,0,218.76,188.44199180255015,3.697383390216147,-10.674065319231067
3,1,2012-07-20,150.45,C,0,192.63,180.2151155160452,28.035892323030914,19.784058169521572
3,1,2012-07-27,211.0,C,0,217.18,193.94864470485305,2.9289099526066384,-8.081211040354004
3,1,2012-08-03,207.86,C,0,172.48,177.5309581644988,-17.021071875300695,-14.591091039883198
3,1,2012-08-10,151.14,C,0,161.2,181.9073197481289,6.6560804552070945,20.35683455612606
3,1,2012-08-17,119.59,C,0,207.44,174.79293032445497,73.45931934108202,46.16015580270505
3,1,2012-08-24,169.04,C,0,155.02,161.81780205168454,-8.293894936109785,-4.272478672690165
3,1,2012-08-31,192.0,C,0,161.06,174.89700554251414,-16.114583333333332,-8.907809613273887
3,1,2012-09-07,209.76,C,1,186.87,194.57493658325376,-10.912471395881001,-7.239256014848509
3,1,2012-09-14,145.44,C,0,134.38,159.02357268343823,-7.604510451045106,9.339640183882175
3,1,2012-09-21,199.67,C,0,174.27,162.71588834244045,-12.720989632894264,-18.507593357820173
3,1,2012-09-28,113.7,C,0,170.29,164.36429327907294,49.77132805628847,44.559624695754565
3,1,2012-10-05,152.39,C,0,184.0,179.68764688134277,20.742830894415654,17.91301718048611
3,1,2012-10-12,150.83,C,0,175.41,184.19958408318448,16.296492740171043,22.123970087638043
3,1,2012-10-19,184.11,C,0,184.0,185.62837234219498,-0.05974689044593647,0.8247093271386482
3,1,2012-10-26,187.47,C,0,154.24,172.7134878701983,-17.725502747106198,-7.8713992264371395
3,2,2012-06-01,288.16,C,0,281.53,277.89531146557323,-2.3008051082731997,-3.5621489916805924
3,2,2012-06-08,301.38,C,0,272.12,273.69480626960836,-9.708673435529892,-9.186141658501437
3,2,2012-06-15,251.47,C,0,324.26,290.9301937978651,28.945798703622692,15.691809678238009
3,2,2012-06-22,252.04,C,0,272.45,270.4885626549681,8.097920964926201,7.319696339854042
3,2,2012-06-29,229.86,C,0,288.9,271.61816212348333,25.68519968676584,18.16678070281185
3,2,2012-07-06,241.58,C,0,221.57,248.8176470466963,-8.282970444573234,2.9959628473782107
3,2,2012-07-13,238.26,C,0,262.9,263.6432846259088,10.341643582640806,10.653607246667002
3,2,2012-07-20,228.63,C,0,223.14,239.8708766875433,-2.4012596772077193,4.916623665985788
3,2,2012-07-27,222.86,C,0,250.79,242.45626155681322,12.532531634209807,8.79308155649879
3,2,2012-08-03,232.01,C,0,254.99,232.23639905656628,9.904745485108409,0.09758159414089637
3,2,2012-08-10,227.64,C,0,232.78,234.53584289116117,2.2579511509400874,3.0292755628014327
3,2,2012-08-17,285.25,C,0,296.09,255.55446011887287,3.8001752848378527,-10.410355786547635
3,2,2012-08-24,217.04,C,0,264.6,229.26635475470746,21.913011426465182,5.6332264811589905
3,2,2012-08-31,234.77,C,0,254.16,222.61264415400737,8.259147250500485,-5.1784111453731905
3,2,2012-09-07,215.86,C,1,251.41,257.01409153055766,16.469007690169548,19.06517721234024
3,2,2012-09-14,202.65,C,0,265.33,218.41775190558704,30.930175178879832,7.780780609714795
3,2,2012-09-21,168.75,C,0,172.02,202.5582356914775,1.9377777777777838,20.03451003939408
3,2,2012-09-28,170.86,C,0,250.31,187.29792582169821,46.50005852744936,9.620698713390027
3,2,2012-10-05,180.04,C,0,181.84,182.12304148538803,0.9997778271495287,1.1569881611797583
3,2,2012-10-12,218.97,C,0,193.31,199.56054248267182,-11.718500251175959,-8.863980233515175
3,2,2012-10-19,244.21,C,0,225.2,201.29047431977466,-7.784284017853495,-17.57484365104842
3,2,2012-10-26,163.01,C,0,244.69,201.03989745687392,50.107355376970744,23.329794157949774
3,3,2012-06-01,418.15,C,0,327.54,337.56645720722975,-21.669257443501127,-19.271443929874504
3,3,2012-06-08,288.95,C,0,393.56,340.27871675323604,36.20349541443157,17.763874979489895
3,3,2012-06-15,381.59,C,0,346.89,338.480129209299,-9.093529704656829,-11.297432005739406
3,3,2012-06-22,336.44,C,0,294.34,320.30905968123153,-12.513375341814298,-4.79459645665452
3,3,2012-06-29,308.31,C,0,307.49,326.6521360044573,-0.265966073108233,5.949251079905713
3,3,2012-07-06,306.64,C,0,356.23,321.9978111646403,16.172058439864347,5.008417416071073
3,3,2012-07-13,314.86,C,0,343.55,313.06680633378755,9.111986279616337,-0.5695209509662897
3,3,2012-07-20,318.22,C,0,267.58,314.7725305167227,-15.913518949154684,-1.0833604057813155
3,3,2012-07-27,272.68,C,0,295.1,331.45876269747765,8.22209182925041,21.555949353629767
3,3,2012-08-03,291.97,C,0,302.14,309.26205786702593,3.483234578895077,5.922546106458164
3,3,2012-08-10,267.78,C,0,271.72,302.56697494292274,1.471357084173596,12.990878685085805
3,3,2012-08-17,247.11,C,0,369.17,327.0715400806079,49.395006272510216,32.35868240079637
3,3,2012-08-24,256.8,C,0,288.86,263.353777714171,12.484423676012462,2.5520941254559824
3,3,2012-08-31,240.79,C,0,274.18,273.0704851971322,13.866854935836212,13.406073839084767
3,3,2012-09-07,276.29,C,1,330.94,318.27728046102527,19.77994136595605,15.196815107685854
3,3,2012-09-14,290.34,C,0,256.43,232.25228914165623,-11.679410346490311,-20.006788888318436
3,3,2012-09-21,276.54,C,0,302.73,253.07748106613317,9.470600998047297,-8.48431291453925
3,3,2012-09-28,340.58,C,0,205.16,221.18828533920808,-39.76158318163133,-35.05540978941568
3,3,2012-10-05,189.74,C,0,246.99,247.50302235053735,30.1728681353431,30.443249894875795
3,3,2012-10-12,284.51,C,0,299.75,280.82437062285305,5.356577976169558,-1.295430521650184
3,3,2012-10-19,267.77,C,0,318.13,292.3180733374744,18.80718527094149,9.167596570741466
3,3,2012-10-26,297.08,C,0,234.93,248.66564211325576,-20.920290830752652,-16.29674090707696
3,4,2012-06-01,429.34,C,0,400.63,407.80425537738165,-6.687007965714814,-5.016011697633187
3,4,2012-06-08,386.6,C,0,395.15,397.42097441923914,2.2115882048628954,2.799010455054092
3,4,2012-06-15,388.07,C,0,379.07,392.7795355973168,-2.319169222047569,1.2135788897149486
3,4,2012-06-22,373.51,C,0,335.39,369.44442672258714,-10.205884715268668,-1.0884777589389447
3,4,2012-06-29,519.02,C,0,388.78,367.1643950258576,-25.093445339293286,-29.258141299784672
3,4,2012-07-06,357.65,C,0,345.1,384.2292866158007,-3.5090171955822607,7.431647313239395
3,4,2012-07-13,291.11,C,0,329.52,387.81672813298246,13.194325169180024,33.219995236502506
3,4,2012-07-20,304.87,C,0,356.62,356.2789478313097,16.97444812543051,16.86258006078319
3,4,2012-07-27,399.72,C,0,392.09,368.0683539949694,-1.9088361853297438,-7.9184544193512
3,4,2012-08-03,418.23,C,0,362.33,348.08432423883676,-13.36585132582551,-16.772033512938638
3,4,2012-08-10,325.62,C,0,325.53,349.27131627937734,-0.02763957987839562,7.263471617031307
3,4,2012-08-17,403.93,C,0,318.03,351.8851027632406,-21.266060951154913,-12.884632792008373
3,4,2012-08-24,375.47,C,0,364.39,344.06447459981644,-2.950968119956332,-8.364323487944066
3,4,2012-08-31,330.57,C,0,229.37,301.608664109409,-30.61378830504885,-8.761029703418636
3,4,2012-09-07,339.23,C,1,379.99,368.1063481828921,12.015446747044775,8.512321487749333
3,4,2012-09-14,338.13,C,0,243.47,292.68575228104544,-27.995149794457753,-13.439874521324507
3,4,2012-09-21,364.78,C,0,259.91,327.2653098946319,-28.748834914194845,-10.284195982610907
3,4,2012-09-28,341.66,C,0,296.02,319.07896654574256,-13.358309430427923,-6.609211922454331
3,4,2012-10-05,293.8,C,0,409.35,329.1287082870015,39.32947583390061,12.024747544929019
3,4,2012-10-12,314.31,C,0,387.18,348.13723781633604,23.18411759091343,10.762380393985566
3,4,2012-10-19,406.48,C,0,345.27,321.100713049378,-15.058551466246811,-21.00454805909812
3,4,2012-10-26,332.81,C,0,330.78,323.56608743474305,-0.6099576334845797,-2.7775344987401063
3,5,2012-06-01,444.21,C,0,430.01,477.83523464708117,-3.1966862519979267,7.569670796938651
3,5,2012-06-08,415.66,C,0,492.24,456.2288535478088,18.423711687436843,9.760105265796268
3,5,2012-06-15,562.47,C,0,448.98,449.70279804125687,-20.177076110725906,-20.04857182760737
3,5,2012-06-22,464.18,C,0,561.29,490.7044732131918,20.92076349691929,5.714264555386231
3,5,2012-06-29,504.7,C,0,512.94,474.1495811545081,1.6326530612245027,-6.053183840993044
3,5,2012-07-06,436.61,C,0,508.83,477.4749732909725,16.541077849797293,9.359605435279196
3,5,2012-07-13,434.59,C,0,469.58,455.28328462082555,8.051266711153044,4.761564836012237
3,5,2012-07-20,434.56,C,0,407.38,431.95304017859087,-6.254602356406481,-0.5999079117749296
3,5,2012-07-27,484.21,C,0,451.09,441.15330805281224,-6.840007434790691,-8.892152567519824
3,5,2012-08-03,437.11,C,0,396.39,437.1360328262677,-9.315732881883285,0.005955669343570446
3,5,2012-08-10,361.48,C,0,488.44,438.69212922413533,35.12227509129135,21.360000338645378
3,5,2012-08-17,488.95,C,0,420.29,413.57211164313685,-14.04233561713876,-15.416277401955853
3,5,2012-08-24,386.7,C,0,406.86,398.46635710662787,5.213343677269208,3.042761082655257
3,5,2012-08-31,372.74,C,0,394.28,397.62608251883006,5.778827064441692,6.676525867583316
3,5,2012-09-07,261.07,C,1,493.37,420.3852539018468,88.97996705864328,61.02396058599104
3,5,2012-09-14,417.62,C,0,306.39,359.358188720007,-26.634260811263832,-13.950915013647103
3,5,2012-09-21,387.14,C,0,466.51,381.48155487501,20.501627318282793,-1.4616017784238287
3,5,2012-09-28,384.13,C,0,362.16,369.26053341162304,-5.719417905396603,-3.8709464473946196
3,5,2012-10-05,356.85,C,0,298.95,341.34823297669516,-16.225304749894924,-4.344056893177767
3,5,2012-10-12,347.0,C,0,330.49,365.31298145065597,-4.757925072046107,5.277516268200568
3,5,2012-10-19,356.99,C,0,285.17,343.77500081812565,-20.118210594134286,-3.701784134534402
3,5,2012-10-26,399.3,C,0,401.2,354.96901271124705,0.4758327072376602,-11.102175629539936
3,6,2012-06-01,596.03,C,0,569.76,558.5603546191419,-4.407496266966425,-6.2865368154049435
3,6,2012-06-08,480.61,C,0,534.95,538.4980202984353,11.306464701109013,12.044697425861992
3,6,2012-06-15,464.97,C,0,506.66,525.27233918034,8.9661698604211,12.969081699967743
3,6,2012-06-22,586.18,C,0,518.02,520.632542890248,-11.6278276297383,-11.182138099176349
3,6,2012-06-29,445.01,C,0,606.39,521.5965168603183,36.264353610031236,17.210066483970763
3,6,2012-07-06,547.06,C,0,481.58,494.41684577860445,-11.969436624867468,-9.622921475047617
3,6,2012-07-13,599.99,C,0,471.58,497.208994284884,-21.402023367056124,-17.130453126738114
3,6,2012-07-20,591.66,C,0,392.34,498.1197206959402,-33.68826691004969,-15.809802809731902
3,6,2012-07-27,532.7,C,0,479.27,513.0915947620435,-10.030035667354994,-3.680947106806177
3,6,2012-08-03,522.7,C,0,510.99,510.2255621760471,-2.2402907977807605,-2.386538707471387
3,6,2012-08-10,603.01,C,0,513.17,514.5153411843006,-14.89859206314987,-14.67548777229223
3,6,2012-08-17,332.56,C,0,463.75,511.60068882262937,39.448520567717104,53.83710873906343
3,6,2012-08-24,432.46,C,0,505.07,476.08653399223107,16.789992138001207,10.087992876157585
3,6,2012-08-31,501.03,C,0,485.57,487.015011411755,-3.085643574237068,-2.7972354126988384
3,6,2012-09-07,448.51,C,1,526.56,540.4386958651608,17.40206461394394,20.49646515465893
3,6,2012-09-14,512.33,C,0,488.96,465.21928409177184,-4.561513087267984,-9.195384987845372
3,6,2012-09-21,434.75,C,0,518.2,472.67885811777774,19.194939620471548,8.724291688965552
3,6,2012-09-28,441.17,C,0,415.16,455.01145195567335,-5.895686470068226,3.1374417924322446
3,6,2012-10-05,415.48,C,0,346.46,432.6362887170226,-16.612111292962364,4.129269451483239
3,6,2012-10-12,399.9,C,0,459.11,446.6295501512414,14.806201550387607,11.685308865026615
3,6,2012-10-19,398.13,C,0,465.45,447.55077023103684,16.909049807851705,12.413224381743863
3,6,2012-10-26,445.7,C,0,511.36,467.1672927412039,14.73188243212924,4.816534157775161
3,7,2012-06-01,633.33,C,0,514.72,638.8260097288659,-18.727993305227923,0.8677955771660633
3,7,2012-06-08,678.59,C,0,786.3,685.9575522043326,15.872618223080199,1.0857148210749616
3,7,2012-06-15,643.59,C,0,564.66,607.715639967171,-12.264019018319125,-5.574101529363264
3,7,2012-06-22,626.81,C,0,556.58,587.5096611524109,-11.204352196040253,-6.269896595074911
3,7,2012-06-29,637.08,C,0,642.27,601.3526821480923,0.8146543605198626,-5.607979822299828
3,7,2012-07-06,462.85,C,0,687.67,608.0179204716262,48.57297180512043,31.363923619234345
3,7,2012-07-13,455.9,C,0,633.93,592.0404446420374,39.050230313665274,29.861909331440543
3,7,2012-07-20,556.7,C,0,474.3,561.3144725528157,-14.801508891683138,0.8288975305937921
3,7,2012-07-27,539.33,C,0,556.03,576.0165253172524,3.0964344649843194,6.8022408019677005
3,7,2012-08-03,580.08,C,0,411.53,540.0586158055971,-29.05633705695767,-6.899287028410376
3,7,2012-08-10,534.88,C,0,581.89,530.729445868628,8.788887227041577,-0.7759785618030247
3,7,2012-08-17,562.42,C,0,409.61,507.9257019626735,-27.17008641228974,-9.689253233762397
3,7,2012-08-24,436.43,C,0,455.12,501.38183033307735,4.282473707123708,14.88253106639721
3,7,2012-08-31,508.59,C,0,499.24,508.8375297372646,-1.8384160128983986,0.04866980028404851
3,7,2012-09-07,436.92,C,1,547.52,538.045248058385,25.313558546186936,23.1450261050959
3,7,2012-09-14,521.72,C,0,470.11,487.5112217130941,-9.8922793835774,-6.556922925497576
3,7,2012-09-21,370.81,C,0,580.05,473.6478688907082,56.42782017744935,27.733305167257676
3,7,2012-09-28,510.59,C,0,524.92,488.18426362911134,2.8065571201942823,-4.3882050903638214
3,7,2012-10-05,390.69,C,0,517.15,481.24363194646423,32.368373902582604,23.177872980230934
3,7,2012-10-12,459.12,C,0,394.73,467.70287819617124,-14.02465586339083,1.8694193666516896
3,7,2012-10-19,541.16,C,0,583.2,513.9850744203592,7.768497302091817,-5.02160647121753
3,7,2012-10-26,498.89,C,0,422.61,453.65825200034357,-15.289943674958403,-9.066477179269263
3,8,2012-06-01,579.66,C,0,614.64,726.475661317969,6.03457199047718,25.32789244004572
3,8,2012-06-08,728.68,C,0,779.63,722.1560212093694,6.992095295603015,-0.8953146498642077
3,8,2012-06-15,655.49,C,0,810.73,742.3793232188739,23.68304627072877,13.255629104772593
3,8,2012-06-22,698.42,C,0,670.99,714.3362886856618,-3.927436213166855,2.27889932786315
3,8,2012-06-29,672.3,C,0,598.75,685.4443578996312,-10.940056522385834,1.9551328126775613
3,8,2012-07-06,658.3,C,0,618.5,665.0211096985695,-6.045875740543819,1.020979750656165
3,8,2012-07-13,631.62,C,0,657.89,624.52141006349,4.159146322155723,-1.1238703550410138
3,8,2012-07-20,680.69,C,0,501.32,616.653362478628,-26.351202456331084,-9.407606622893253
3,8,2012-07-27,599.46,C,0,561.74,606.3818131680798,-6.292329763453779,1.1546747352750442
3,8,2012-08-03,498.96,C,0,695.2,605.148964489502,39.32980599647268,21.282059581830605
3,8,2012-08-10,633.95,C,0,507.26,584.4751243379889,-19.984225885322193,-7.804223623631387
3,8,2012-08-17,525.51,C,0,518.87,591.7583177881058,-1.26353447127552,12.606480902001074
3,8,2012-08-24,479.52,C,0,564.46,560.6857994371953,17.71354688021356,16.92646801743313
3,8,2012-08-31,492.87,C,0,575.51,568.6617918495734,16.767098829305898,15.37764356718271
3,8,2012-09-07,607.97,C,1,528.11,580.5996172207801,-13.13551655509318,-4.501929828646131
3,8,2012-09-14,545.32,C,0,546.82,528.836285075534,0.2750678500696839,-3.022760016956298
3,8,2012-09-21,393.97,C,0,579.5,490.08971845550667,47.0924182044318,24.397725323122735
3,8,2012-09-28,515.12,C,0,672.29,543.3025846763231,30.511337164155915,5.4710717262624495
3,8,2012-10-05,623.43,C,0,519.63,532.8732411759951,-16.64982435878927,-14.525569642783454
3,8,2012-10-12,505.52,C,0,523.98,542.8841729161284,3.6516853932584343,7.391235345016692
3,8,2012-10-19,525.57,C,0,635.99,540.6972821646159,21.009570561485617,2.8782621086850178
3,8,2012-10-26,613.06,C,0,487.99,496.2668573542238,-20.400939549146894,-19.05085026682154
3,9,2012-06-01,621.06,C,0,780.13,797.3501481649006,25.612662222651604,28.385365047644456
3,9,2012-06-08,662.47,C,0,738.29,704.9289274458278,11.445046568146472,6.409184936046572
3,9,2012-06-15,543.79,C,0,686.77,724.3355807253258,26.29323819856931,33.201342563365614
3,9,2012-06-22,868.37,C,0,818.37,721.5808914459367,-5.757914253140942,-16.903982006985885
3,9,2012-06-29,841.77,C,0,666.71,682.7745498458387,-20.796654668139748,-18.88822958220907
3,9,2012-07-06,741.13,C,0,675.07,697.6400941864165,-8.913415999892049,-5.868053622655068
3,9,2012-07-13,709.32,C,0,561.08,682.3435597851867,-20.898889076862346,-3.803141066770054
3,9,2012-07-20,564.61,C,0,618.68,716.973059165102,9.576521846938583,26.985540313685902
3,9,2012-07-27,658.06,C,0,704.03,670.0005353531666,6.9856851958788,1.8145055698821748
3,9,2012-08-03,805.27,C,0,677.13,665.9104403283256,-15.912675251778904,-17.305942065602135
3,9,2012-08-10,663.1,C,0,687.99,646.4132199930692,3.7535816618911153,-2.5164801699488466
3,9,2012-08-17,597.57,C,0,673.54,627.7106443635446,12.713154944190624,5.043868394254152
3,9,2012-08-24,493.46,C,0,784.81,660.9886011178953,59.04227292992339,33.94978339032451
3,9,2012-08-31,731.9,C,0,551.98,633.6954159459654,-24.582593250444045,-13.4177598106346
3,9,2012-09-07,639.76,C,1,498.79,645.7406549809227,-22.03482555958484,0.9348279012321397
3,9,2012-09-14,469.13,C,0,512.8,605.4953422471804,9.308720397331221,29.067708790139275
3,9,2012-09-21,528.87,C,0,534.24,604.8594901100342,1.0153723977537021,14.368273887729355
3,9,2012-09-28,496.35,C,0,508.23,550.8813270539447,2.3934723481414313,10.986466617093717
3,9,2012-10-05,583.42,C,0,589.17,575.3389176447471,0.9855678584895959,-1.3851226141121105
3,9,2012-10-12,608.25,C,0,678.68,576.4514670664596,11.579120427455807,-5.227872245547127
3,9,2012-10-19,551.71,C,0,700.83,551.8556490534253,27.028692610248132,0.026399567422240897
3,9,2012-10-26,653.66,C,0,620.11,557.8852409824057,-5.132637762751271,-14.652075852521849
3,10,2012-06-01,830.23,C,0,886.6,797.6846566635809,6.7896847861435985,-3.9200394271971786
3,10,2012-06-08,661.4,C,0,723.53,811.1541029433571,9.393710311460538,22.64198713990885
3,10,2012-06-15,849.19,C,0,755.85,761.6595486194698,-10.991650867297075,-10.307522625152236
3,10,2012-06-22,812.61,C,0,767.22,771.5838249839014,-5.585705319895151,-5.048691871389546
3,10,2012-06-29,957.02,C,0,777.36,783.9190957076488,-18.772857411548344,-18.08749078309243
3,10,2012-07-06,775.6,C,0,732.24,749.3791460500489,-5.590510572460032,-3.3807186629642993
3,10,2012-07-13,681.28,C,0,743.5,785.4378419261923,9.13280883043683,15.28855124562475
3,10,2012-07-20,745.35,C,0,731.45,733.874472261529,-1.8648956865901893,-1.5396159842317014
3,10,2012-07-27,708.78,C,0,685.38,738.8014548181034,-3.301447557775329,4.2356520807730735
3,10,2012-08-03,761.89,C,0,644.77,715.8386184367247,-15.372297838270619,-6.04436093967309
3,10,2012-08-10,714.63,C,0,792.28,697.7268283746631,10.86576270237745,-2.365303951042761
3,10,2012-08-17,592.25,C,0,506.42,725.7600540751935,-14.49219079780498,22.54285421278066
3,10,2012-08-24,549.03,C,0,659.0,669.1465579565643,20.029870863158667,21.877958937865742
3,10,2012-08-31,702.51,C,0,626.37,657.049409570588,-10.838279882136908,-6.4711663078692165
3,10,2012-09-07,829.5,C,1,728.55,691.8992488548564,-12.169981916817365,-16.588396762524845
3,10,2012-09-14,670.01,C,0,524.85,646.9803816739196,-21.6653482783839,-3.4372051650095328
3,10,2012-09-21,726.72,C,0,600.55,612.8447200771416,-17.361569793042722,-15.669760006998356
3,10,2012-09-28,738.81,C,0,629.68,632.352153651821,-14.77105074376362,-14.409367272800711
3,10,2012-10-05,670.98,C,0,726.99,660.4873831938755,8.347491728516497,-1.5637748973329293
3,10,2012-10-12,575.81,C,0,661.38,667.5384017129358,14.86080477935431,15.930324536381066
3,10,2012-10-19,662.2,C,0,530.37,647.2350218413561,-19.907882814859565,-2.259887973217144
3,10,2012-10-26,750.34,C,0,591.33,638.0704011011082,-21.19172641735746,-14.962496854611478
4,1,2012-06-01,582.3,B,0,549.04,614.4713796712341,-5.711832388803021,5.5248805892553925
4,1,2012-06-08,597.55,B,0,575.92,616.4511124447104,-3.619780771483557,3.163101404854892
4,1,2012-06-15,603.49,B,0,552.51,589.6927319912355,-8.447530199340505,-2.286246335277219
4,1,2012-06-22,470.44,B,0,644.35,606.2739806219539,36.96751976872715,28.873816134247495
4,1,2012-06-29,557.38,B,0,408.22,607.5004513694421,-26.76091714808568,8.99215102254155
4,1,2012-07-06,523.39,B,0,547.65,597.8549203751597,4.635166892756834,14.227425127564484
4,1,2012-07-13,502.44,B,0,473.47,518.958800412866,-5.76586259055807,3.287716028354834
4,1,2012-07-20,593.83,B,0,368.02,493.589082699821,-38.02603438694577,-16.880406395799984
4,1,2012-07-27,464.63,B,0,477.69,512.966048645783,2.810838731894196,10.40312692804661
4,1,2012-08-03,416.72,B,0,600.14,511.87611132183036,44.01516605874447,22.83454389562064
4,1,2012-08-10,538.35,B,0,443.13,509.41100078175884,-17.68737809974924,-5.3754990653368955
4,1,2012-08-17,398.82,B,0,521.01,514.190290634048,30.637881751165942,28.927909992991324
4,1,2012-08-24,361.2,B,0,537.73,508.6991712678227,48.87320044296789,40.83587244402622
4,1,2012-08-31,522.67,B,0,458.95,478.7078172703446,-12.191248780301141,-8.411078257725785
4,1,2012-09-07,495.62,B,1,483.72,512.337915478865,-2.4010330495137358,3.3731317297254053
4,1,2012-09-14,485.3,B,0,346.32,453.6860963812297,-28.63795590356481,-6.5143011783989975
4,1,2012-09-21,426.52,B,0,401.22,472.45185710329775,-5.931726530995019,10.768980845751143
4,1,2012-09-28,367.11,B,0,494.06,449.0668352680951,34.58091580180327,22.324871365011866
4,1,2012-10-05,376.41,B,0,441.34,461.7537816267724,17.249807390876956,22.673090945185407
4,1,2012-10-12,429.19,B,0,458.1,434.76777923227803,6.7359444535054465,1.299606056123869
4,1,2012-10-19,369.46,B,0,443.83,435.8803357585624,20.129378011151413,17.977679791739952
4,1,2012-10-26,463.92,B,0,566.75,515.3365013002009,22.16545956199344,11.08305339286965
4,2,2012-06-01,628.73,B,0,586.11,655.5298483421194,-6.778744453103877,4.2625369144337615
4,2,2012-06-08,570.06,B,0,635.44,678.1743262198776,11.468968178788218,18.965429291632045
4,2,2012-06-15,616.21,B,0,627.07,614.3235393428303,1.7623861995099095,-0.30613924752434685
4,2,2012-06-22,673.54,B,0,536.83,614.9716168361851,-20.29723550197463,-8.695605778990826
4,2,2012-06-29,574.71,B,0,620.46,649.5185937093343,7.960536618468445,13.016755182497993
4,2,2012-07-06,628.4,B,0,668.65,619.8516282356921,6.40515595162317,-1.3603392368408387
4,2,2012-07-13,517.39,B,0,564.12,592.7437485797142,9.031871508919775,14.564206610045458
4,2,2012-07-20,631.53,B,0,511.72,562.6648595287156,-18.97138694915522,-10.904492339442996
4,2,2012-07-27,590.61,B,0,547.81,580.8675538985336,-7.246744890875546,-1.6495565773465375
4,2,2012-08-03,480.09,B,0,606.82,563.3152813866088,26.397133870732585,17.335349910768578
4,2,2012-08-10,535.79,B,0,458.93,566.5467355926808,-14.345172548946408,5.74044599426656
4,2,2012-08-17,603.73,B,0,570.09,555.9940916269167,-5.572027230715715,-7.906830598625769
4,2,2012-08-24,449.54,B,0,478.05,527.5229828063812,6.342038528273345,17.34728451447727
4,2,2012-08-31,454.34,B,0,531.58,541.0349451064676,17.000484218866944,19.08151276719365
4,2,2012-09-07,539.79,B,1,494.55,548.7366804775537,-8.381037069971647,1.6574372399551198
4,2,2012-09-14,654.69,B,0,464.82,521.8856544160866,-29.001512166063335,-20.285073177215697
4,2,2012-09-21,462.95,B,0,598.92,534.7448223996889,29.370342369586343,15.508115865577047
4,2,2012-09-28,536.74,B,0,399.85,492.26789341889923,-25.503968401833287,-8.285595741159737
4,2,2012-10-05,518.3,B,0,523.14,521.965834166173,0.9338221107466781,0.707280371632838
4,2,2012-10-12,460.14,B,0,604.45,537.3300861699591,31.36219411483463,16.775347974520617
4,2,2012-10-19,509.69,B,0,534.43,523.1502121636491,4.853930820694923,2.6408625171475104
4,2,2012-10-26,469.96,B,0,401.02,514.1958495578452,-14.669333560303006,9.412683964134237
4,3,2012-06-01,724.06,B,0,592.25,670.7141079217023,-18.20429246195066,-7.367606562756906
4,3,2012-06-08,676.03,B,0,696.45,700.243050692749,3.020576009940398,3.58165328354496
4,3,2012-06-15,736.97,B,0,701.19,660.5943557639096,-4.855014451063133,-10.363467201662274
4,3,2012-06-22,626.65,B,0,653.08,668.1313654173575,4.217665363440528,6.619542873590928
4,3,2012-06-29,816.52,B,0,680.94,718.4502928803624,-16.604614706314592,-12.01069258801224
4,3,2012-07-06,539.26,B,0,683.45,703.9737860967543,26.73849349108038,30.54441013551058
4,3,2012-07-13,779.74,B,0,660.91,612.1804082589615,-15.23969528304307,-21.48916199515717
4,3,2012-07-20,648.96,B,0,542.45,656.5957886312435,-16.41241370808678,1.1766193033844128
4,3,2012-07-27,672.17,B,0,601.49,635.2500866690528,-10.515197048365733,-5.492645213405405
4,3,2012-08-03,719.12,B,0,639.66,641.2422036821379,-11.049616197574819,-10.829596773537398
4,3,2012-08-10,673.53,B,0,715.46,644.8405064558128,6.225409410122796,-4.259571740559016
4,3,2012-08-17,546.5,B,0,569.03,640.6570247763392,4.122598353156445,17.229098769686953
4,3,2012-08-24,635.29,B,0,620.4,629.0560561045048,-2.3438114876670477,-0.9812753066308528
4,3,2012-08-31,720.22,B,0,636.0,679.732754300343,-11.693649162755827,-5.621510885515123
4,3,2012-09-07,534.86,B,1,576.53,650.8235846900313,7.7908237669670495,21.68110995214286
4,3,2012-09-14,724.42,B,0,641.62,612.2992068892648,-11.42983352199,-15.47731883585974
4,3,2012-09-21,591.08,B,0,640.05,605.8090100766697,8.284834540163754,2.491880976630849
4,3,2012-09-28,526.33,B,0,648.84,609.7025830411438,23.276271540668397,15.840363088013945
4,3,2012-10-05,489.3,B,0,577.74,566.4655031377004,18.07480073574494,15.77059128095245
4,3,2012-10-12,536.93,B,0,716.21,599.9791565330455,33.38982735179634,11.742528175562098
4,3,2012-10-19,408.73,B,0,496.31,589.5548038624576,21.42734812712548,44.240648805435754
4,3,2012-10-26,523.2,B,0,699.24,588.044933501966,33.64678899082568,12.39390930847974
4,4,2012-06-01,719.82,B,0,711.69,782.535008030555,-1.1294490289238968,8.71259593100427
4,4,2012-06-08,742.22,B,0,657.07,758.4394021502789,-11.472339737544122,2.1852553353828816
4,4,2012-06-15,760.86,B,0,691.52,717.9958328801998,-9.113371710958656,-5.633647073022656
4,4,2012-06-22,708.95,B,0,720.98,716.6095491496234,1.6968756611890785,1.080407525160213
4,4,2012-06-29,767.03,B,0,915.01,749.5700472782439,19.29259611749215,-2.276306366342393
4,4,2012-07-06,765.8,B,0,693.65,720.8646999129672,-9.421519979106813,-5.867759217423965
4,4,2012-07-13,892.87,B,0,635.04,682.5204608504016,-28.876544177763847,-23.558809137903435
4,4,2012-07-20,727.55,B,0,619.94,724.9593534094112,-14.79073603188783,-0.3560781514107333
4,4,2012-07-27,538.26,B,0,773.0,729.4875628793129,43.61089436331885,35.52698749290546
4,4,2012-08-03,775.43,B,0,749.67,656.8935078292586,-3.3220277781360013,-15.286549678338643
4,4,2012-08-10,653.35,B,0,618.2,698.3580868279352,-5.379964796816404,6.888817146695512
4,4,2012-08-17,821.82,B,0,494.74,666.2297305073148,-39.799469470200286,-18.93240241083026
4,4,2012-08-24,767.81,B,0,545.01,683.7566308762308,-29.01759549888644,-10.947157385781527
4,4,2012-08-31,598.44,B,0,766.34,712.1157261724165,28.0562796604505,18.995342251924416
4,4,2012-09-07,723.85,B,1,708.07,704.7008615915055,-2.1800096705118426,-2.6454567118179924
4,4,2012-09-14,575.56,B,0,616.59,663.0961724502615,7.128709430815222,15.208870048346235
4,4,2012-09-21,617.78,B,0,756.5,689.9533511348985,22.454595487066598,11.68269467041642
4,4,2012-09-28,667.51,B,0,758.97,685.077645670097,13.701667390750705,2.6318176012489736
4,4,2012-10-05,699.49,B,0,594.12,670.61105864559,-15.06383222061788,-4.1285710095083585
4,4,2012-10-12,679.89,B,0,593.65,623.526647117192,-12.684404830193122,-8.29006940575798
4,4,2012-10-19,612.99,B,0,547.45,663.727429353669,-10.691854679521683,8.277040303050454
4,4,2012-10-26,808.94,B,0,572.5,692.2398862919578,-29.228372932479544,-14.42630030756821
4,5,2012-06-01,987.18,B,0,845.78,783.7388687443852,-14.323628922790169,-20.60831168131595
4,5,2012-06-08,851.2,B,0,870.55,837.3239302393356,2.273261278195478,-1.6301773684991128
4,5,2012-06-15,882.81,B,0,851.16,827.6901213689723,-3.58514289597988,-6.243685349172261
4,5,2012-06-22,881.82,B,0,913.83,828.5512788661447,3.629992515479348,-6.040770353797301
4,5,2012-06-29,743.61,B,0,856.17,852.4078849088244,15.136966958486294,14.631041124894011
4,5,2012-07-06,712.98,B,0,741.08,827.2373959566169,3.9412045218659744,16.025329736685016
4,5,2012-07-13,689.75,B,0,710.77,774.984467160068,3.0474809713664346,12.357298609651032
4,5,2012-07-20,745.95,B,0,749.89,788.2485993115,0.5281855352235325,5.670433582880886
4,5,2012-07-27,816.34,B,0,674.25,773.6272746819212,-17.405737805326215,-5.232222519793077
4,5,2012-08-03,690.41,B,0,635.67,753.1834959234376,-7.928622123086283,9.092205489989661
4,5,2012-08-10,783.02,B,0,528.38,730.1960338655479,-32.52024213940896,-6.746183511845434
4,5,2012-08-17,508.81,B,0,567.53,716.3386339845622,11.540653682121022,40.78705882049531
4,5,2012-08-24,672.44,B,0,868.0,735.1018657966001,29.082148593183028,9.31858095839035
4,5,2012-08-31,799.1,B,0,624.89,722.6524319312355,-21.800775872856967,-9.566708555720755
4,5,2012-09-07,705.59,B,1,883.48,819.7901608566589,25.211525106648335,16.185059433475367
4,5,2012-09-14,606.02,B,0,701.2,650.2041569359142,15.705752285403133,7.290874383009503
4,5,2012-09-21,614.58,B,0,654.65,675.7069533121104,6.519899768947888,9.946134484055834
4,5,2012-09-28,400.35,B,0,521.55,641.1264340145033,30.273510678156594,60.14148470450936
4,5,2012-10-05,574.39,B,0,650.54,670.0598791107475,13.257542784519224,16.65590959291553
4,5,2012-10-12,754.64,B,0,814.8,718.1390081929878,7.972013145340822,-4.836874775656227
4,5,2012-10-19,609.54,B,0,784.76,717.7714266509369,28.746267677264832,17.75624678461412
4,5,2012-10-26,621.01,B,0,672.69,618.9437491143797,8.321927183137158,-0.3327242533325261
4,6,2012-06-01,894.45,B,0,1006.54,951.9092608702261,12.531723405444678,6.423976842777808
4,6,2012-06-08,897.16,B,0,835.1,908.4476462747235,-6.917383744259658,1.2581530913910068
4,6,2012-06-15,970.58,B,0,862.46,878.7048855167786,-11.139730882565065,-9.466001203736054
4,6,2012-06-22,726.08,B,0,850.82,944.3947882307136,17.179925077126487,30.0675942362706
4,6,2012-06-29,876.88,B,0,909.4,908.9134348227904,3.708603229632331,3.65311500123054
4,6,2012-07-06,753.81,B,0,919.41,883.0889974073248,21.968400525331322,17.15007726181993
4,6,2012-07-13,816.45,B,0,841.9,828.4523548311403,3.1171535305284994,1.4700661193141311
4,6,2012-07-20,774.52,B,0,899.48,820.0172269908975,16.133863554201316,5.874248178342393
4,6,2012-07-27,755.51,B,0,748.08,797.6268190832407,-0.9834416486876348,5.574620995518348
4,6,2012-08-03,823.98,B,0,872.34,744.977205652668,5.869074492099324,-9.587950477843156
4,6,2012-08-10,810.1,B,0,871.32,729.3594220261527,7.557091717071969,-9.966742127372829
4,6,2012-08-17,755.2,B,0,826.21,738.5282939105125,9.402807203389829,-2.207588200408838
4,6,2012-08-24,799.47,B,0,762.37,690.2153975259846,-4.640574380527101,-13.665878954058991
4,6,2012-08-31,670.25,B,0,806.54,762.8674866353016,20.334203655352475,13.81834936744522
4,6,2012-09-07,848.57,B,1,675.55,759.3754655707592,-20.389596615482528,-10.511158116506698
4,6,2012-09-14,714.92,B,0,738.94,691.6242858999225,3.3598164829631427,-3.258506420309612
4,6,2012-09-21,681.29,B,0,741.52,693.7440434344342,8.840581837396707,1.8280091347934357
4,6,2012-09-28,646.0,B,0,580.46,688.9293661251484,-10.145510835913306,6.645412712871264
4,6,2012-10-05,694.76,B,0,748.49,704.2921913164382,7.733605849501989,1.3720121072655638
4,6,2012-10-12,893.84,B,0,581.84,690.5615137753406,-34.90557594200304,-22.742155891955992
4,6,2012-10-19,708.84,B,0,659.52,723.6735822536664,-6.957846622651099,2.09265592428
4,6,2012-10-26,606.9,B,0,705.27,702.4065611747932,16.208601087493825,15.73678714364693
4,7,2012-06-01,856.62,B,0,984.3,992.3448071790756,14.905092106184767,15.844225815306153
4,7,2012-06-08,1096.46,B,0,1011.65,942.9032420021728,-7.734892289732417,-14.004775185399126
4,7,2012-06-15,963.54,B,0,819.13,956.1667606642131,-14.987442140440457,-0.7652240006420927
4,7,2012-06-22,946.58,B,0,1119.51,977.8990287465369,18.268926028439218,3.3086510116986307
4,7,2012-06-29,866.62,B,0,994.91,962.1598141290673,14.803489418661,11.024418329725517
4,7,2012-07-06,797.29,B,0,878.03,937.9197132855553,10.126804550414532,17.638464459049448
4,7,2012-07-13,737.36,B,0,796.71,899.9733759631138,8.048985570142133,22.053457736128045
4,7,2012-07-20,814.91,B,0,987.96,860.0087540640042,21.23547385600865,5.534200594421985
4,7,2012-07-27,938.25,B,0,749.35,853.081849517465,-20.133226751931783,-9.077340845460698
4,7,2012-08-03,764.48,B,0,1079.33,910.1904621076185,41.18485768103808,19.06007509779438
4,7,2012-08-10,689.78,B,0,770.05,836.1438289639457,11.637043695091185,21.21891457623383
4,7,2012-08-17,741.54,B,0,995.56,792.4256295690327,34.25573805863473,6.862155725791292
4,7,2012-08-24,782.35,B,0,787.25,721.3259005584605,0.6263181440531702,-7.8001021846410845
4,7,2012-08-31,774.5,B,0,956.4,752.2366240055729,23.486120077469334,-2.874548223941519
4,7,2012-09-07,825.37,B,1,743.69,779.7523616055223,-9.896167779298976,-5.526931969235336
4,7,2012-09-14,895.94,B,0,776.33,736.2271758762419,-13.350224345380271,-17.826285702587025
4,7,2012-09-21,910.45,B,0,849.22,746.8385184555552,-6.7252457575924005,-17.970397226036006
4,7,2012-09-28,981.95,B,0,828.53,764.558504019371,-15.624013442639653,-22.138754109743783
4,7,2012-10-05,605.34,B,0,869.22,755.9673469852712,43.592030924769546,24.8830982563966
4,7,2012-10-12,681.72,B,0,703.85,802.3285644854494,3.2462007862465523,17.691803744271752
4,7,2012-10-19,840.49,B,0,761.91,818.7624819889855,-9.349308141679263,-2.58510131126063
4,7,2012-10-26,723.53,B,0,882.47,812.555503556567,21.967299213577885,12.304327886413425
4,8,2012-06-01,1230.37,B,0,882.39,1071.5975434977988,-28.28254915188114,-12.904447971114468
4,8,2012-06-08,1234.54,B,0,901.34,1061.4539552509946,-26.98980996970531,-14.020286483143957
4,8,2012-06-15,807.62,B,0,1064.19,1086.4802496026405,31.768653574700977,34.528645848621935
4,8,2012-06-22,887.3,B,0,991.76,987.8875687766077,11.772793869040916,11.336365240235297
4,8,2012-06-29,805.07,B,0,1062.68,1044.4877439972765,31.998459761262993,29.738748679900688
4,8,2012-07-06,1057.39,B,0,980.77,946.5749972112135,-7.246143806920825,-10.480050198014602
4,8,2012-07-13,895.99,B,0,1061.42,946.9141777776033,18.463375707318168,5.683565416757251
4,8,2012-07-20,902.15,B,0,979.66,911.538000763223,8.591697611261985,1.0406252577978137
4,8,2012-07-27,915.85,B,0,1013.84,936.3155647859331,10.699350330294264,2.234597891132075
4,8,2012-08-03,965.64,B,0,677.55,969.8796635517863,-29.834099664471236,0.43905218837105897
4,8,2012-08-10,745.14,B,0,755.94,932.8562439024427,1.4493920605523887,25.192077180455037
4,8,2012-08-17,755.21,B,0,836.64,869.8738330344164,10.782431376703162,15.183039556469904
4,8,2012-08-24,879.66,B,0,981.26,859.2433670185357,11.549917013391541,-2.3209686676061567
4,8,2012-08-31,998.37,B,0,1056.45,885.9911445956365,5.817482496469249,-11.256233200553256
4,8,2012-09-07,895.25,B,1,861.66,864.9365160749417,-3.7520245741413047,-3.386035624133855
4,8,2012-09-14,758.62,B,0,761.64,815.3354668552846,0.3980912709920621,7.476136518320714
4,8,2012-09-21,601.49,B,0,605.95,765.1371329991666,0.7414919616286283,27.206958220280736
4,8,2012-09-28,935.34,B,0,908.82,773.9086171546038,-2.8353326063249704,-17.25911249870595
4,8,2012-10-05,745.41,B,0,749.05,790.0645450068616,0.4883218631357222,5.99060181737053
4,8,2012-10-12,697.58,B,0,1131.46,882.6800225949679,62.19788411365005,26.53459425370106
4,8,2012-10-19,634.57,B,0,724.94,802.6759034302063,14.241139669382417,26.491309615992915
4,8,2012-10-26,666.21,B,0,1038.47,828.7102600996842,55.87727593401479,24.391747361895522
4,9,2012-06-01,1086.21,B,0,1201.96,1099.9558507206455,10.65631875972418,1.2654874030477918
4,9,2012-06-08,1023.95,B,0,1254.62,1058.942426417738,22.527467161482477,3.4173960073966487
4,9,2012-06-15,1002.78,B,0,1032.05,1043.5671972243588,2.9188854983146837,4.067412316196854
4,9,2012-06-22,1015.57,B,0,1031.9,1031.2378236360764,1.6079640005120317,1.542761566024634
4,9,2012-06-29,1046.38,B,0,1251.49,1025.7633576728504,19.601865479080246,-1.9702825290190702
4,9,2012-07-06,1121.37,B,0,1109.0,1026.9530186369964,-1.1031149397611753,-8.419788416223327
4,9,2012-07-13,1073.3,B,0,758.43,1029.0735822929398,-29.336625361036056,-4.120601668411454
4,9,2012-07-20,894.94,B,0,1053.89,993.9482728221803,17.76096721567927,11.06311851321656
4,9,2012-07-27,1152.62,B,0,915.39,920.3872134951955,-20.581804931373735,-20.14825237327171
4,9,2012-08-03,1094.7,B,0,1071.45,921.2952062818243,-2.1238695533022747,-15.840394054825587
4,9,2012-08-10,862.34,B,0,997.63,909.8842086474771,15.68870747037131,5.5133947917847985
4,9,2012-08-17,1095.14,B,0,730.57,942.1711529463458,-33.28980769581971,-13.967971862378715
4,9,2012-08-24,975.45,B,0,950.81,859.4945503474105,-2.5260136347326974,-11.887380147889646
4,9,2012-08-31,905.36,B,0,930.45,919.7929974884228,2.771273305646376,1.5941722064618227
4,9,2012-09-07,1001.07,B,1,982.99,1004.6773142466516,-1.8060675077666937,0.3603458546007298
4,9,2012-09-14,897.96,B,0,950.44,931.0731969450713,5.844358323310617,3.687602671062331
4,9,2012-09-21,955.94,B,0,1049.3,964.3793711810397,9.76630332447642,0.8828348202857534
4,9,2012-09-28,907.19,B,0,915.85,893.2522033393894,0.9545960603622138,-1.5363701827192335
4,9,2012-10-05,840.91,B,0,865.21,904.9020229285505,2.8897266057009747,7.60985395922876
4,9,2012-10-12,640.61,B,0,993.95,894.3864407882859,55.15680367150061,39.614811006429164
4,9,2012-10-19,938.47,B,0,1121.27,906.8191188072041,19.478512898654188,-3.3726044724707194
4,9,2012-10-26,834.52,B,0,967.4,918.5548343321054,15.922925753726695,10.069840666743211
4,10,2012-06-01,1344.44,B,0,1181.06,1133.6923516869604,-12.15227157775729,-15.675496735669848
4,10,2012-06-08,1106.46,B,0,1181.39,1116.930531408328,6.772047792057559,0.9463090765439367
4,10,2012-06-15,1223.76,B,0,1376.58,1108.140219403195,12.487742694646004,-9.447913038243199
4,10,2012-06-22,1176.21,B,0,1154.41,1081.7544451217188,-1.853410530432487,-8.030500920607816
4,10,2012-06-29,1247.34,B,0,1052.37,1042.1823594053399,-15.630862475347543,-16.447611765409597
4,10,2012-07-06,1223.22,B,0,861.71,1010.1991642491945,-29.55396412746685,-17.414760693154584
4,10,2012-07-13,1095.44,B,0,902.62,1014.5853669604077,-17.602059446432488,-7.381018863615751
4,10,2012-07-20,870.65,B,0,1004.32,1086.317159291163,15.352897260667325,24.770821718390064
4,10,2012-07-27,1034.14,B,0,1030.51,998.3378993836712,-0.351016303401871,-3.462016807814112
4,10,2012-08-03,1042.36,B,0,956.91,1017.0093718868835,-8.197743581871899,-2.4320415320154636
4,10,2012-08-10,1062.82,B,0,1051.96,932.036150508367,-1.02180990195893,-12.305362101920643
4,10,2012-08-17,919.01,B,0,921.06,928.693416409611,0.22306612550461413,1.053679112263308
4,10,2012-08-24,1136.56,B,0,862.43,961.0292414603364,-24.11927218976561,-15.44403802172024
4,10,2012-08-31,982.21,B,0,1037.64,968.6648440681427,5.643396015108792,-1.3790488726298225
4,10,2012-09-07,896.02,B,1,1174.64,1202.0582439032999,31.09528805160601,34.155291612162664
4,10,2012-09-14,899.55,B,0,800.04,944.6201130972604,-11.06219776554944,5.010295491885993
4,10,2012-09-21,1186.55,B,0,958.43,902.0007331917735,-19.22548565167924,-23.98122850349555
4,10,2012-09-28,1022.27,B,0,684.33,914.1952862956699,-33.057802733133116,-10.572032213048418
4,10,2012-10-05,1064.74,B,0,732.56,914.594103608716,-31.198226797152362,-14.101648889990425
4,10,2012-10-12,802.24,B,0,839.52,995.0351241861597,4.646988432389307,24.032100641473832
4,10,2012-10-19,845.27,B,0,1052.75,922.6712934237145,24.546003052279154,9.156990479221372
4,10,2012-10-26,847.69,B,0,816.67,957.3170237815914,-3.659356604419079,12.932442730431093
5,1,2012-06-01,757.76,A,0,796.81,780.2265632377478,5.153346706081075,2.9648652921436573
5,1,2012-06-08,696.11,A,0,734.15,729.4769544213725,5.464653574866036,4.793345077842941
5,1,2012-06-15,831.72,A,0,648.84,756.1820376437374,-21.988169095368633,-9.082138502893113
5,1,2012-06-22,742.32,A,0,895.03,748.9665981141831,20.571990516219408,0.8953817914353657
5,1,2012-06-29,704.57,A,0,663.29,754.4118637185685,-5.858892657933219,7.074082592016186
5,1,2012-07-06,713.15,A,0,635.51,740.6349640083434,-10.886910187197643,3.854022857511529
5,1,2012-07-13,657.19,A,0,684.53,674.3498762995093,4.160136338045302,2.6110982059235956
5,1,2012-07-20,661.58,A,0,793.52,698.8755678188123,19.943166359321616,5.637348139123354
5,1,2012-07-27,647.06,A,0,504.94,692.5110303738772,-21.963960065527147,7.0242373773494435
5,1,2012-08-03,657.54,A,0,763.08,675.8907763693727,16.050734556072648,2.7908228198090974
5,1,2012-08-10,722.42,A,0,583.29,690.0111360309497,-19.258879875972426,-4.48615264929684
5,1,2012-08-17,691.4,A,0,667.53,675.9774824287929,-3.452415389065665,-2.2306215752396725
5,1,2012-08-24,773.38,A,0,581.23,650.5089214507586,-24.845483462204864,-15.887542805508465
5,1,2012-08-31,736.91,A,0,787.68,668.7142672904527,6.889579460178311,-9.254282437413973
5,1,2012-09-07,828.19,A,1,659.64,681.9213026060279,-20.351610137770326,-17.66124891558364
5,1,2012-09-14,668.43,A,0,553.57,667.7937472171328,-17.18354951154196,-0.09518615006315274
5,1,2012-09-21,661.05,A,0,580.41,639.6813816975111,-12.198774676650782,-3.2325267835245164
5,1,2012-09-28,572.91,A,0,607.25,648.2208067873484,5.993960656996742,13.145311966512782
5,1,2012-10-05,675.76,A,0,610.97,624.2544272765602,-9.58772345211317,-7.621873553249636
5,1,2012-10-12,553.9,A,0,630.13,666.204650637281,13.76241198772342,20.27525738170808
5,1,2012-10-19,487.53,A,0,594.02,654.8710949317323,21.842758394355222,34.324266185000376
5,1,2012-10-26,730.93,A,0,483.7,655.7323286525761,-33.824032397083165,-10.287944310320253
5,2,2012-06-01,793.08,A,0,946.23,861.0735574434605,19.31078831895899,8.57335419421249
5,2,2012-06-08,783.35,A,0,866.04,866.9533602505452,10.55594561817833,10.672542318318142
5,2,2012-06-15,885.06,A,0,830.68,880.6306902906905,-6.1442162113303045,-0.5004530437834103
5,2,2012-06-22,971.58,A,0,757.33,822.5684302243383,-22.05170958644682,-15.33703552725064
5,2,2012-06-29,616.89,A,0,797.94,861.3557519284923,29.348830423576338,39.6287428761193
5,2,2012-07-06,1039.78,A,0,829.23,848.3750050299221,-20.249475850660716,-18.408220486071848
5,2,2012-07-13,798.18,A,0,807.68,845.887140751439,1.1902077225688443,5.976990246741218
5,2,2012-07-20,818.33,A,0,745.03,805.2238244225391,-8.957266628377312,-1.6015758407318479
5,2,2012-07-27,715.77,A,0,759.91,809.8890640163297,6.166785419897451,13.149344624157164
5,2,2012-08-03,741.07,A,0,611.96,775.7503896004713,-17.422105873939035,4.679772437215275
5,2,2012-08-10,745.9,A,0,650.81,772.775968254158,-12.748357688698222,3.603159706952408
5,2,2012-08-17,624.66,A,0,765.97,737.8325562040616,22.621906317036476,18.11746489355195
5,2,2012-08-24,634.98,A,0,766.69,732.8224329813556,20.742385586947627,15.408742477141896
5,2,2012-08-31,800.1,A,0,690.55,769.7956731647465,-13.692038495188111,-3.7875674084806277
5,2,2012-09-07,577.34,A,1,843.62,772.7380792971115,46.12186926247964,33.84454208908295
5,2,2012-09-14,717.51,A,0,709.97,680.8404755646288,-1.0508564340566633,-5.11066388417878
5,2,2012-09-21,639.4,A,0,638.06,686.0151455276699,-0.20957147325618267,7.290451286779784
5,2,2012-09-28,582.2,A,0,545.94,680.5927083691076,-6.228100309172103,16.90015602354991
5,2,2012-10-05,836.86,A,0,776.45,721.0095757621531,-7.2186506703630196,-13.843465363124889
5,2,2012-10-12,576.92,A,0,715.42,660.800267179828,24.006794702905086,14.539323854230748
5,2,2012-10-19,560.9,A,0,805.44,694.4915409392182,43.597789267249084,23.81735441954328
5,2,2012-10-26,645.05,A,0,838.97,671.9390963540893,30.062785830555782,4.16852900613741
5,3,2012-06-01,871.41,A,0,878.01,918.9645498441204,0.7573931903466822,5.4571957912028095
5,3,2012-06-08,998.4,A,0,1060.83,963.6645313815786,6.253004807692303,-3.4791134433514976
5,3,2012-06-15,923.97,A,0,780.53,927.1456131810759,-15.524313559964073,0.34369223904194357
5,3,2012-06-22,831.09,A,0,901.2,921.2575864709313,8.435909468288633,10.849316737168209
5,3,2012-06-29,729.43,A,0,752.84,897.1872907897775,3.2093552499897293,22.998408454516213
5,3,2012-07-06,963.17,A,0,790.17,852.4869914870878,-17.961522887963703,-11.4915340503662
5,3,2012-07-13,773.09,A,0,855.84,840.4386967300727,10.70379904021524,8.711624355517815
5,3,2012-07-20,836.79,A,0,795.24,843.7238835954565,-4.965403506256045,0.8286288788652547
5,3,2012-07-27,1040.04,A,0,800.73,824.3975206385736,-23.009691934925574,-20.734056321047877
5,3,2012-08-03,878.35,A,0,819.14,838.8864622533146,-6.741048556953383,-4.4929171454073495
5,3,2012-08-10,942.06,A,0,726.93,833.0182106015328,-22.83612508757404,-11.574824257315578
5,3,2012-08-17,724.4,A,0,845.4,806.1339076275573,16.70347874102706,11.28298007006589
5,3,2012-08-24,865.71,A,0,720.0,802.1306241401373,-16.831271441937833,-7.3441886844165705
5,3,2012-08-31,755.15,A,0,728.77,790.315951212999,-3.4933456929086932,4.656816687148124
5,3,2012-09-07,816.48,A,1,800.74,861.5797101885806,-1.927787575935725,5.5236760470042885
5,3,2012-09-14,926.7,A,0,741.22,781.4159493107115,-20.015107370238482,-15.677571025066204
5,3,2012-09-21,700.41,A,0,773.81,779.9861755617593,10.479576248197482,11.361370563207169
5,3,2012-09-28,723.17,A,0,737.0,749.7543243684479,1.9124134021046284,3.6760822999361062
5,3,2012-10-05,631.27,A,0,747.5,762.1773495871878,18.412089913982925,20.7371409360793
5,3,2012-10-12,799.69,A,0,669.48,786.7229810453797,-16.282559491803077,-1.6215057027873747
5,3,2012-10-19,661.01,A,0,598.05,814.9454138350068,-9.524818081420863,23.287909991529144
5,3,2012-10-26,813.05,A,0,565.0,798.6624869417832,-30.508578808191373,-1.7695729731525451
5,4,2012-06-01,1009.96,A,0,1089.6,1026.1573831596736,7.885460810329109,1.603764818376328
5,4,2012-06-08,969.96,A,0,1043.85,978.3791297964732,7.617839910924149,0.8679873187010967
5,4,2012-06-15,848.99,A,0,980.79,1020.0926983719579,15.524328908467702,20.153676529989507
5,4,2012-06-22,1003.56,A,0,1010.17,960.1088202622814,0.658655187532386,-4.329704226724718
5,4,2012-06-29,918.08,A,0,999.69,990.2337608013356,8.88920355524573,7.859201899762066
5,4,2012-07-06,799.66,A,0,683.32,951.0793184721856,-14.54868319035589,18.935462380534933
5,4,2012-07-13,966.63,A,0,932.61,861.0923583277046,-3.5194438409732762,-10.918101204421074
5,4,2012-07-20,848.98,A,0,860.51,857.8081573034956,1.3581003086056176,1.0398545670681962
5,4,2012-07-27,900.8,A,0,810.62,847.4095963049981,-10.01110124333925,-5.926998633992213
5,4,2012-08-03,849.76,A,0,826.9,848.1556074002478,-2.6901713424967064,-0.1888053803135174
5,4,2012-08-10,939.46,A,0,672.99,833.2742819950884,-28.36416664892598,-11.302846103603311
5,4,2012-08-17,856.85,A,0,633.69,819.0418837061937,-26.044231779191218,-4.412454489561333
5,4,2012-08-24,730.77,A,0,933.47,845.4670879167928,27.73786553908891,15.695374456640646
5,4,2012-08-31,842.48,A,0,841.2,814.7079425142402,-0.15193239008640833,-3.2964648995536714
5,4,2012-09-07,876.95,A,1,562.66,816.4775457294375,-35.83898739950967,-6.895769915110621
5,4,2012-09-14,842.0,A,0,714.88,759.2373556848115,-15.097387173396676,-9.829292674012883
5,4,2012-09-21,888.06,A,0,856.5,800.8346736972344,-3.5538139314911095,-9.82200823173722
5,4,2012-09-28,712.7,A,0,731.5,794.5847044104881,2.637856040409703,11.489365007785617
5,4,2012-10-05,840.0,A,0,883.51,773.7405841653048,5.179761904761904,-7.888025694606575
5,4,2012-10-12,592.26,A,0,861.01,804.1270862131054,45.377030358288586,35.77264819726225
5,4,2012-10-19,756.12,A,0,613.72,773.1999637282742,-18.83298947257049,2.25889590650613
5,4,2012-10-26,741.5,A,0,739.32,801.0355736388141,-0.2939986513823264,8.029072641782072
5,5,2012-06-01,843.01,A,0,1077.07,1095.5369987751476,27.76479519815897,29.95539777406527
5,5,2012-06-08,997.53,A,0,1051.74,975.6000692888788,5.434423024871436,-2.198423176357722
5,5,2012-06-15,916.91,A,0,1124.6,1028.7823033006034,22.651078077455796,12.201012454941429
5,5,2012-06-22,1158.31,A,0,1244.41,977.2386483555052,7.4332432595764635,-15.632374031519603
5,5,2012-06-29,1047.93,A,0,1153.09,1038.5897713776303,10.035021423186649,-0.8913027227362276
5,5,2012-07-06,1098.82,A,0,944.58,917.1830462963399,-14.036875921442993,-16.530182714517398
5,5,2012-07-13,924.44,A,0,1012.8,909.3689032606766,9.55821902989917,-1.6302947448534766
5,5,2012-07-20,843.47,A,0,1007.49,914.2336786619857,19.445860552242518,8.389590461069822
5,5,2012-07-27,823.77,A,0,920.18,875.850455399488,11.703509474732021,6.322208310509982
5,5,2012-08-03,952.28,A,0,786.2,909.7037284877072,-17.440248666358627,-4.470982432928635
5,5,2012-08-10,1106.24,A,0,803.31,888.1816300775636,-27.383750361585196,-19.71166925101573
5,5,2012-08-17,938.13,A,0,1002.1,893.7996318035578,6.8188843763657525,-4.725397140741927
5,5,2012-08-24,837.94,A,0,999.57,894.5102841154676,19.288970570685247,6.751113936017797
5,5,2012-08-31,845.63,A,0,826.83,887.5274876781424,-2.2231945413478655,4.954588611821056
5,5,2012-09-07,894.09,A,1,910.19,887.8849094222049,1.8007135746960623,-0.6940118531462257
5,5,2012-09-14,1067.37,A,0,959.66,873.6753889335723,-10.091158642270246,-18.146904172538818
5,5,2012-09-21,972.14,A,0,633.13,891.8365101496715,-34.87254922130557,-8.260486128574943
5,5,2012-09-28,858.86,A,0,764.64,874.5198556329644,-10.970356053373079,1.8233304185739727
5,5,2012-10-05,837.77,A,0,1030.35,906.2201111224035,22.98721606168757,8.170513520704196
5,5,2012-10-12,855.91,A,0,839.17,874.2256285224968,-1.9558131111915982,2.1399012188777804
5,5,2012-10-19,876.61,A,0,681.79,837.976640827058,-22.22425023670732,-4.407131925593142
5,5,2012-10-26,778.39,A,0,819.84,868.5276770352407,5.325094104497751,11.580014778612354
5,6,2012-06-01,1202.42,A,0,896.79,1152.0942093926753,-25.41790722043879,-4.185375376933578
5,6,2012-06-08,1206.04,A,0,1222.71,1119.5703295052667,1.3822095452887195,-7.169718292488909
5,6,2012-06-15,1099.15,A,0,1163.67,1075.113150228591,5.869990447163715,-2.1868580058599054
5,6,2012-06-22,1129.4,A,0,1203.32,1086.5742102982872,6.545068177793505,-3.7919062955297407
5,6,2012-06-29,1049.13,A,0,966.22,1126.28080271276,-7.9027384594854855,7.353788635608548
5,6,2012-07-06,848.65,A,0,1128.45,1056.1804903272546,32.9700111942497,24.45419081214336
5,6,2012-07-13,1010.06,A,0,841.81,944.2732900487168,-16.657426291507434,-6.51314871901502
5,6,2012-07-20,974.16,A,0,898.56,991.0815843773238,-7.760532150776056,1.737043645532954
5,6,2012-07-27,879.3,A,0,997.65,905.6237790347022,13.459570112589564,2.9937198947688257
5,6,2012-08-03,917.43,A,0,1043.44,960.7227143909166,13.735107855640225,4.718912003195522
5,6,2012-08-10,983.04,A,0,1145.68,953.31605723085,16.54459635416668,-3.023675818801877
5,6,2012-08-17,819.03,A,0,905.6,894.3470848810209,10.569820397299251,9.19588841446845
5,6,2012-08-24,853.66,A,0,817.71,880.7951220832946,-4.211278494951143,3.1786802805911742
5,6,2012-08-31,1104.14,A,0,798.15,901.3839770212066,-27.7129711811908,-18.363253118154713
5,6,2012-09-07,759.9,A,1,853.46,874.2738511313491,12.312146335044092,15.051171355619053
5,6,2012-09-14,879.11,A,0,1142.32,892.9101224724326,29.94050801378666,1.5697833573082525
5,6,2012-09-21,755.4,A,0,962.38,826.3305743584386,27.400052952078376,9.389803330479038
5,6,2012-09-28,796.98,A,0,997.05,852.2591261024187,25.103515772039444,6.936074443827783
5,6,2012-10-05,856.82,A,0,834.16,811.952938886646,-2.6446628229966715,-5.236462864236828
5,6,2012-10-12,761.65,A,0,859.07,854.0437457601039,12.790651874220451,12.130735345644839
5,6,2012-10-19,943.46,A,0,940.28,849.1444420871896,-0.3370572149322773,-9.996773356878975
5,6,2012-10-26,1035.73,A,0,800.82,858.7224326564622,-22.68062139746845,-17.09012651400827
5,7,2012-06-01,1058.39,A,0,984.56,1206.572378985729,-6.97568949064146,14.000734982920187
5,7,2012-06-08,1177.95,A,0,980.51,1130.195632812914,-16.76132263678425,-4.054023276631947
5,7,2012-06-15,1025.13,A,0,1027.4,1145.3551379143546,0.22143533015324704,11.727794320169586
5,7,2012-06-22,1231.23,A,0,1285.51,1051.9567267704754,4.408599530550748,-14.560502361827169
5,7,2012-06-29,1237.27,A,0,1076.99,1120.6382102988184,-12.95432686479103,-9.426543090932583
5,7,2012-07-06,1114.16,A,0,1102.09,1051.9974881234507,-1.0833273497522944,-5.579316424620286
5,7,2012-07-13,1132.78,A,0,961.57,1059.7835742150903,-15.114143964406146,-6.444007290463255
5,7,2012-07-20,1298.17,A,0,1140.42,1083.4829600436888,-12.151721269171217,-16.537667636466047
5,7,2012-07-27,1042.85,A,0,1276.24,1059.557567395018,22.38001630148153,1.6021064769639004
5,7,2012-08-03,927.17,A,0,915.26,1029.368673372658,-1.284554073147316,11.022646696146115
5,7,2012-08-10,1098.7,A,0,1221.92,1016.407257910197,11.21507235824156,-7.4900102020390475
5,7,2012-08-17,869.55,A,0,1036.4,989.1524135575052,19.18808579150137,13.754518263182705
5,7,2012-08-24,968.31,A,0,977.6,959.8099355056112,0.9594034968140449,-0.8778247146460086
5,7,2012-08-31,905.73,A,0,1010.78,978.5166404153213,11.598379207931718,8.036240426542264
5,7,2012-09-07,924.09,A,1,1046.54,1106.3961220787726,13.25087383263534,19.728178216274664
5,7,2012-09-14,924.96,A,0,1167.51,930.4609137927386,26.222755578619612,0.5947191005814862
5,7,2012-09-21,1058.34,A,0,992.29,912.1945705019331,-6.240905569098774,-13.808929975061593
5,7,2012-09-28,1076.55,A,0,987.55,893.9614126949989,-8.267149691143004,-16.960530147694122
5,7,2012-10-05,1049.07,A,0,862.89,901.0017533320555,-17.747147473476506,-14.114238960979195
5,7,2012-10-12,972.86,A,0,1016.31,905.9657195354725,4.4662130214008116,-6.876043877282186
5,7,2012-10-19,898.37,A,0,792.68,950.3190386574959,-11.764640404287771,5.782588316339132
5,7,2012-10-26,639.25,A,0,926.44,921.7149795074164,44.92608525615957,44.18693461203229
5,8,2012-06-01,1315.5,A,0,1308.63,1327.970831871933,-0.5222348916761604,0.9479917804586003
5,8,2012-06-08,1133.52,A,0,1344.39,1341.9769416530357,18.60311242854119,18.390230578466703
5,8,2012-06-15,1316.46,A,0,1274.36,1216.756979145013,-3.197970314327829,-7.573570093659285
5,8,2012-06-22,1342.94,A,0,1235.13,1231.810851747778,-8.027908916258355,-8.275064280773673
5,8,2012-06-29,1346.7,A,0,1273.83,1277.0267518418386,-5.411004678102035,-5.173627991249826
5,8,2012-07-06,1411.03,A,0,843.31,1105.7532767849943,-40.23443867245913,-21.635027123094876
5,8,2012-07-13,1325.17,A,0,1417.09,1280.1330892311987,6.936468528566134,-3.3985760897697173
5,8,2012-07-20,1373.15,A,0,1332.13,1261.0604960045882,-2.9872919928631236,-8.162946800816506
5,8,2012-07-27,1305.11,A,0,1132.52,1108.0377681566583,-13.22417267510018,-15.100047646814566
5,8,2012-08-03,1297.44,A,0,899.38,1104.477217319787,-30.68041682081638,-14.872578514629806
5,8,2012-08-10,1081.04,A,0,1225.28,1202.2140616887898,13.34270702286687,11.20902664922573
5,8,2012-08-17,899.43,A,0,957.58,1119.4113001139294,6.4652057414140165,24.45785665520713
5,8,2012-08-24,1378.05,A,0,1102.2,1142.0094388364641,-20.01741591379122,-17.128591935237168
5,8,2012-08-31,1045.19,A,0,848.45,1073.7559036765063,-18.82337182713191,2.733082375118992
5,8,2012-09-07,1243.85,A,1,1360.36,1313.4981788737998,9.36688507456687,5.599403374506565
5,8,2012-09-14,939.21,A,0,802.07,1089.2627310059459,-14.601633287550172,15.976483534666988
5,8,2012-09-21,1128.15,A,0,990.61,1114.5329080961762,-12.191641182466876,-1.2070284894583032
5,8,2012-09-28,672.83,A,0,695.17,967.6583526119309,3.32030379144805,43.819144897214876
5,8,2012-10-05,934.44,A,0,962.88,991.9904452820502,3.0435340952870105,6.158816540607229
5,8,2012-10-12,972.22,A,0,909.27,1020.3488823198163,-6.4748719425644445,4.95041063954828
5,8,2012-10-19,1045.07,A,0,1113.61,975.9357966239658,6.55841235515324,-6.615270113584179
5,8,2012-10-26,1126.67,A,0,910.03,978.7440270980925,-19.228345478267823,-13.129485377431507
5,9,2012-06-01,1386.85,A,0,1295.0,1237.3711298132387,-6.622922450156824,-10.778301199607835
5,9,2012-06-08,1307.49,A,0,1367.97,1181.1242860306613,4.625656792786179,-9.664755674562612
5,9,2012-06-15,1448.53,A,0,1269.26,1241.2507776560465,-12.375994974215237,-14.309625782272613
5,9,2012-06-22,1362.55,A,0,1100.0,1150.2551147389024,-19.26901765072841,-15.58070421350391
5,9,2012-06-29,1329.01,A,0,914.62,1159.824159610835,-31.180352292307806,-12.730215753768965
5,9,2012-07-06,1287.19,A,0,1436.6,1226.2462388811086,11.607454998873504,-4.734635999261291
5,9,2012-07-13,1161.22,A,0,1239.83,1237.8650219011338,6.769604381598655,6.6003876871853535
5,9,2012-07-20,1164.35,A,0,1346.61,1217.3976489668112,15.653368832395758,4.555988230928095
5,9,2012-07-27,1220.06,A,0,1293.17,1211.0705883762691,5.992328246151839,-0.7368007822345461
5,9,2012-08-03,1141.52,A,0,1227.06,1206.4432552342412,7.493517415375988,5.6874391367861445
5,9,2012-08-10,1299.91,A,0,1080.34,1151.3814893764215,-16.891169388649995,-11.426061082965631
5,9,2012-08-17,1140.26,A,0,1174.02,1160.0597228539816,2.9607282549593945,1.7364217681916074
5,9,2012-08-24,1161.91,A,0,1287.1,1133.726093717575,10.774500606759545,-2.4256531299692004
5,9,2012-08-31,899.52,A,0,1084.15,1160.6835837380092,20.525391319815025,29.033660589871186
5,9,2012-09-07,1270.55,A,1,1387.74,1359.7289511424328,9.22356459800874,7.018924964970516
5,9,2012-09-14,986.43,A,0,838.13,1043.84641640027,-15.034011536550992,5.8206275559614085
5,9,2012-09-21,912.11,A,0,812.83,1087.2914164358554,-10.884652070473953,19.206172110365564
5,9,2012-09-28,1276.33,A,0,1164.05,972.794138829267,-8.79709792921893,-23.781926396052192
5,9,2012-10-05,1139.15,A,0,908.0,960.7642425770005,-20.291445375938206,-15.659549438001985
5,9,2012-10-12,1174.49,A,0,1301.03,999.0728180887743,10.774038093129782,-14.93560455271869
5,9,2012-10-19,1101.26,A,0,1202.39,1001.2065885017793,9.183117519931724,-9.085357817247584
5,9,2012-10-26,1027.08,A,0,1238.72,984.1688544052323,20.60598979631578,-4.177974996569656
5,10,2012-06-01,1399.03,A,0,1174.45,1357.52300791717,-16.052550695839255,-2.9668407455758663
5,10,2012-06-08,1488.21,A,0,1445.16,1298.530726074306,-2.8927369121293336,-12.745464277601556
5,10,2012-06-15,1650.97,A,0,1142.74,1312.3185284590486,-30.783721085180225,-20.512272878426103
5,10,2012-06-22,1557.72,A,0,1517.98,1448.898796468077,-2.551164522507255,-6.985928378137467
5,10,2012-06-29,1472.34,A,0,1384.77,1347.3864656134244,-5.947675129385872,-8.486730944386181
5,10,2012-07-06,1182.39,A,0,1568.09,1394.0272717548326,32.62037060529942,17.89910873356781
5,10,2012-07-13,1180.11,A,0,1365.58,1334.86157923798,15.716331528416847,13.113318185421715
5,10,2012-07-20,921.16,A,0,1202.22,1375.2187798489026,30.511528941769082,49.292064337238116
5,10,2012-07-27,1339.63,A,0,1108.73,1348.1870004893126,-17.236102505915817,0.6387584996836803
5,10,2012-08-03,1387.64,A,0,1238.7,1245.7017021370805,-10.733331411605318,-10.228755142754578
5,10,2012-08-10,1378.96,A,0,1178.92,1250.9724552792268,-14.506584672506815,-9.28145448169441
5,10,2012-08-17,1284.33,A,0,1336.51,1196.7083724958052,4.062818745960934,-6.822360881097128
5,10,2012-08-24,1145.09,A,0,1010.01,1113.1364159600673,-11.796452680575321,-2.7904866901232737
5,10,2012-08-31,1068.44,A,0,1422.85,1265.6519371246766,33.170791059862964,18.457932792171437
5,10,2012-09-07,1066.04,A,1,1363.98,1358.3473131777585,27.948294623091073,27.419919813305178
5,10,2012-09-14,1098.58,A,0,1070.51,1124.1747688737223,-2.5551166050719964,2.329804736452729
5,10,2012-09-21,968.98,A,0,1351.14,1094.4431874026016,39.43941051414891,12.947964602221052
5,10,2012-09-28,1358.68,A,0,966.51,1009.5039597242996,-28.864044513792802,-25.699652624289783
5,10,2012-10-05,906.98,A,0,1104.45,888.0192493860081,21.77225517651988,-2.0905367939747155
5,10,2012-10-12,1064.48,A,0,884.98,1093.4027839137646,-16.862693521719525,2.7170810079817875
5,10,2012-10-19,810.19,A,0,1339.1,1056.8666111737973,65.28221775139163,30.446760781273184
5,10,2012-10-26,1137.25,A,0,831.8,1088.9099674744718,-26.858650252802818,-4.250607388483461
6,1,2012-06-01,302.38,C,0,236.19,283.7971278713523,-21.889675243071633,-6.14553612297364
6,1,2012-06-08,324.38,C,0,216.33,278.8167806351989,-33.3096985017572,-14.046248031568256
6,1,2012-06-15,308.35,C,0,300.93,304.4285710286216,-2.406356413166861,-1.2717460584979463
6,1,2012-06-22,278.62,C,0,248.11,276.18532189322826,-10.950398392075225,-0.8738346517736492
6,1,2012-06-29,215.59,C,0,329.2,309.67393807737216,52.697249408599646,43.640214331542346
6,1,2012-07-06,290.35,C,0,320.2,305.62147253643775,10.280695712071624,5.259677126377726
6,1,2012-07-13,219.49,C,0,242.56,265.72681527665986,10.510729418196725,21.065568033468427
6,1,2012-07-20,258.73,C,0,322.39,272.7544419097759,24.604800371043158,5.420493143344751
6,1,2012-07-27,249.9,C,0,276.55,262.07619225690695,10.664265706282515,4.8724258731120225
6,1,2012-08-03,207.06,C,0,225.41,250.12728388985704,8.86216555587752,20.79942233645177
6,1,2012-08-10,255.86,C,0,163.93,225.6536811494906,-35.92980536230751,-11.805799597635193
6,1,2012-08-17,304.6,C,0,256.7,249.05751450098006,-15.725541694024962,-18.23456516711095
6,1,2012-08-24,227.87,C,0,233.53,235.42600227866683,2.483872383376485,3.315926747121966
6,1,2012-08-31,256.35,C,0,241.94,235.45546572775496,-5.621220986931938,-8.150783800368663
6,1,2012-09-07,315.33,C,1,230.3,249.9160171560957,-26.9654013255954,-20.744611310025775
6,1,2012-09-14,253.47,C,0,189.59,222.72845689325752,-25.202193553477727,-12.128276761250833
6,1,2012-09-21,206.64,C,0,208.57,232.80839708413765,0.933991482771974,12.663761655118888
6,1,2012-09-28,230.99,C,0,240.37,233.77860790610595,4.060781852028224,1.2072418312939683
6,1,2012-10-05,236.96,C,0,207.73,233.63209048285438,-12.335415259959493,-1.404418263481443
6,1,2012-10-12,264.44,C,0,206.84,228.64845824690738,-21.781878687036755,-13.534844105692262
6,1,2012-10-19,257.76,C,0,172.36,224.72071894359163,-33.13159528243326,-12.817846468190702
6,1,2012-10-26,140.23,C,0,220.37,248.61807436328263,57.14896955002497,77.29307164179038
6,2,2012-06-01,342.43,C,0,397.48,377.78778275518044,16.07627836346115,10.325550551990316
6,2,2012-06-08,265.13,C,0,401.83,387.628659940896,51.55961226568099,46.20324366948139
6,2,2012-06-15,381.97,C,0,345.54,364.39756300525124,-9.537398224991493,-4.600475690433485
6,2,2012-06-22,360.29,C,0,280.08,350.65182347126944,-22.262621776901952,-2.675116303180933
6,2,2012-06-29,342.0,C,0,344.59,364.07841456261525,0.7573099415204605,6.455676772694517
6,2,2012-07-06,305.87,C,0,393.97,361.37592059905097,28.80308627848433,18.146899205234565
6,2,2012-07-13,361.34,C,0,337.72,349.90941799532635,-6.536779764210979,-3.1633868391746347
6,2,2012-07-20,310.93,C,0,358.38,327.8112983509957,15.260669604090948,5.4292922365148675
6,2,2012-07-27,313.7,C,0,291.5,316.42964155788155,-7.076824992030599,0.8701439457703424
6,2,2012-08-03,307.55,C,0,271.94,314.9261044072902,-11.578605104861001,2.3983431660836283
6,2,2012-08-10,320.96,C,0,296.19,305.88494690578466,-7.717472582253235,-4.696863501437974
6,2,2012-08-17,257.2,C,0,222.96,286.9106333763405,-13.31259720062208,11.551568186757592
6,2,2012-08-24,315.51,C,0,372.49,316.93647592473354,18.05964945643562,0.45211750015326047
6,2,2012-08-31,264.03,C,0,290.07,298.741682717769,9.862515623224642,13.146870703241682
6,2,2012-09-07,274.58,C,1,328.66,308.1075161151441,19.695534998907437,12.210472763910017
6,2,2012-09-14,315.98,C,0,260.82,266.35839676881596,-17.456801063358448,-15.704032923344533
6,2,2012-09-21,244.04,C,0,218.27,270.0298563353056,-10.559744304212417,10.649834590766117
6,2,2012-09-28,310.98,C,0,325.32,290.65751263903076,4.611229017943268,-6.534982108485838
6,2,2012-10-05,280.66,C,0,229.97,267.4001037741254,-18.06099907361221,-4.724540805912715
6,2,2012-10-12,215.4,C,0,283.26,292.54771414379763,31.504178272980493,35.81602327938608
6,2,2012-10-19,326.01,C,0,286.5,276.4430284690056,-12.11926014539431,-15.204126109933563
6,2,2012-10-26,287.67,C,0,273.36,282.79095509729075,-4.974449890499531,-1.696056211182698
6,3,2012-06-01,407.88,C,0,395.17,424.3590963490662,-3.116112582131995,4.040182492170785
6,3,2012-06-08,380.55,C,0,407.0,428.4471724603322,6.95046643016686,12.586302052380022
6,3,2012-06-15,295.9,C,0,363.56,407.6716424235729,22.86583305170667,37.773451309081764
6,3,2012-06-22,390.27,C,0,398.52,425.2190804002507,2.1139211315243296,8.95510298005245
6,3,2012-06-29,479.88,C,0,395.31,429.7067156599147,-17.623155788947237,-10.455381416205151
6,3,2012-07-06,359.59,C,0,463.6,423.4259033411289,28.924608581996175,17.752413398906793
6,3,2012-07-13,380.37,C,0,408.99,394.51304793739047,7.52425270131714,3.7182343343035633
6,3,2012-07-20,358.71,C,0,480.32,406.333864267882,33.90203785787963,13.276425041923009
6,3,2012-07-27,393.1,C,0,274.89,352.4106960972642,-30.071228694988562,-10.35087863208747
6,3,2012-08-03,426.77,C,0,309.95,359.74762421582875,-27.373058087494435,-15.704565874867313
6,3,2012-08-10,296.28,C,0,341.65,362.9072451251123,15.313217226947485,22.487932065989042
6,3,2012-08-17,298.78,C,0,417.01,379.34896051656926,39.57092174844368,26.96598183163843
6,3,2012-08-24,417.91,C,0,340.98,359.11110885271154,-18.40826972314613,-14.069749742118754
6,3,2012-08-31,379.66,C,0,276.13,337.1090954261812,-27.269135542327348,-11.207634350160353
6,3,2012-09-07,348.01,C,1,341.62,356.8465251419271,-1.836154133501907,2.5391583983009394
6,3,2012-09-14,413.97,C,0,279.49,311.3398215891464,-32.48544580525159,-24.791694666486364
6,3,2012-09-21,275.53,C,0,267.56,351.1124042073008,-2.892606975646925,27.431642364642993
6,3,2012-09-28,373.94,C,0,414.19,350.84189428135016,10.763758891800823,-6.176955051251493
6,3,2012-10-05,328.13,C,0,308.95,338.19114146729385,-5.845244262944567,3.0662059145137146
6,3,2012-10-12,356.75,C,0,330.97,356.3094989208338,-7.2263489838822625,-0.12347612590503454
6,3,2012-10-19,224.78,C,0,318.99,357.3671130137022,41.91209182311594,58.98528028014155
6,3,2012-10-26,318.85,C,0,312.55,337.53965687516444,-1.9758507135016499,5.861582836808661
6,4,2012-06-01,562.57,C,0,464.63,452.55996291830485,-17.409389053806645,-19.554906426168333
6,4,2012-06-08,532.5,C,0,390.02,477.37776528016417,-26.75680751173709,-10.351593374617057
6,4,2012-06-15,466.82,C,0,578.1,490.10358694794945,23.837881838824394,4.987701244151806
6,4,2012-06-22,492.97,C,0,478.01,470.2531371269542,-3.0346674239811824,-4.608163351328852
6,4,2012-06-29,487.99,C,0,466.68,469.95209002928704,-4.366892764195987,-3.6963687720471676
6,4,2012-07-06,580.75,C,0,464.89,454.1300722207113,-19.95006457167456,-21.802828717914537
6,4,2012-07-13,498.03,C,0,476.5,475.7367787207769,-4.323032749031178,-4.476280802205304
6,4,2012-07-20,488.54,C,0,488.07,461.69919124802766,-0.09620501903631785,-5.494086206241527
6,4,2012-07-27,440.19,C,0,350.39,427.63493184428063,-20.40028169654013,-2.852192952070553
6,4,2012-08-03,408.55,C,0,490.05,482.45445471823774,19.948598702729164,18.089451650529366
6,4,2012-08-10,494.35,C,0,479.53,441.3389184984867,-2.9978759987862946,-10.72339061424362
6,4,2012-08-17,450.06,C,0,405.46,435.56711711775097,-9.909789805803676,-3.220211278995919
6,4,2012-08-24,367.74,C,0,396.32,441.8002619147801,7.771795290150646,20.139300025773668
6,4,2012-08-31,427.51,C,0,237.64,398.24788284268413,-44.41299618722369,-6.8447795741189355
6,4,2012-09-07,463.92,C,1,343.85,438.32141992549026,-25.88161752026211,-5.517886720665148
6,4,2012-09-14,287.06,C,0,413.1,425.9392125720294,43.90719710165123,48.37985528183286
6,4,2012-09-21,343.28,C,0,444.15,402.14808072169836,29.384176182708,17.148706805435328
6,4,2012-09-28,406.05,C,0,416.98,390.27877793795716,2.6917867257726895,-3.8840591213010347
6,4,2012-10-05,286.82,C,0,373.64,400.9941764971225,30.269855658601212,39.80690903602347
6,4,2012-10-12,293.68,C,0,474.86,403.12572452642536,61.69299918278398,37.266999634440666
6,4,2012-10-19,369.93,C,0,427.41,396.88198737529666,15.538074770902607,7.28569928778327
6,4,2012-10-26,409.55,C,0,356.42,363.47471203744647,-12.97277499694787,-11.25022291846015
6,5,2012-06-01,636.39,C,0,615.67,522.7804855931021,-3.2558651141595605,-17.852184102028303
6,5,2012-06-08,487.72,C,0,431.6,551.1787411425056,-11.506602148773887,13.011305901440492
6,5,2012-06-15,522.28,C,0,555.07,545.373887399752,6.2782415562533656,4.4217445431094475
6,5,2012-06-22,592.33,C,0,676.6,537.6144436764714,14.226866780342034,-9.237343427401722
6,5,2012-06-29,461.94,C,0,643.56,559.1597501180762,39.31679438888166,21.045969199046674
6,5,2012-07-06,629.3,C,0,550.19,515.9408585517621,-12.57111075798505,-18.0135295484249
6,5,2012-07-13,504.47,C,0,585.09,521.4746573152623,15.981128709338513,3.370796541967274
6,5,2012-07-20,559.57,C,0,575.91,521.8386160891432,2.9200993620101,-6.742924729856288
6,5,2012-07-27,550.82,C,0,483.63,502.61583762793464,-12.198177262989732,-8.751345697698959
6,5,2012-08-03,482.49,C,0,536.47,520.9195691923115,11.1877966382723,7.9648426272692765
6,5,2012-08-10,455.17,C,0,578.67,501.2843129485385,27.13271964321022,10.131228540663598
6,5,2012-08-17,472.77,C,0,392.58,457.70643395241825,-16.961736150770985,-3.186235600309184
6,5,2012-08-24,509.52,C,0,492.67,473.771062683737,-3.3070340712827697,-7.016199033651866
6,5,2012-08-31,403.54,C,0,473.34,467.5161216428819,17.29692223819199,15.853724944957595
6,5,2012-09-07,404.06,C,1,474.8,478.5683050926907,17.50730089590655,18.439911174748975
6,5,2012-09-14,536.47,C,0,441.76,423.93959445813977,-17.654295673569823,-20.97608543662465
6,5,2012-09-21,402.52,C,0,450.04,452.02505650294023,11.805624565239006,12.29878180039259
6,5,2012-09-28,462.65,C,0,451.5,431.76740199657917,-2.41002917972549,-6.675153572553942
6,5,2012-10-05,427.72,C,0,495.93,454.1617576322823,15.947348732815856,6.182025070672927
6,5,2012-10-12,428.89,C,0,457.02,443.6104767405379,6.558791298468138,3.4322266176730376
6,5,2012-10-19,521.27,C,0,418.45,453.1019931458944,-19.72490264162526,-13.077293313274419
6,5,2012-10-26,433.48,C,0,380.5,441.24878834111377,-12.222017163421615,1.7921907218588509
6,6,2012-06-01,794.58,C,0,676.25,655.1202593791044,-14.892144277479929,-17.55137816467765
6,6,2012-06-08,594.22,C,0,612.37,658.7856174727635,3.0544242873009955,10.865608271812377
6,6,2012-06-15,748.25,C,0,701.89,646.9185716732432,-6.1957901770798545,-13.542456174641742
6,6,2012-06-22,739.68,C,0,658.56,647.3807515930262,-10.966904607397796,-12.478267413878136
6,6,2012-06-29,484.72,C,0,548.65,655.6094854513734,13.189057600264059,35.25529902858833
6,6,2012-07-06,686.68,C,0,662.21,635.8780514581046,-3.563523038387592,-7.398198366327168
6,6,2012-07-13,562.28,C,0,402.94,619.2615940132389,-28.33819449384648,10.134024687564724
6,6,2012-07-20,533.96,C,0,687.81,610.2200414758545,28.81301970185031,14.2819764543888
6,6,2012-07-27,595.93,C,0,463.73,566.2132729396864,-22.183813535146733,-4.98661370636041
6,6,2012-08-03,485.87,C,0,574.44,587.4270983261977,18.22915594706404,20.90211338963049
6,6,2012-08-10,575.64,C,0,560.74,558.1531975856585,-2.5884233201306333,-3.037801823073704
6,6,2012-08-17,472.18,C,0,597.58,544.3354157397753,26.557668685670727,15.281336723235897
6,6,2012-08-24,537.22,C,0,494.04,544.8992540513343,-8.037675440229329,1.4294430682651953
6,6,2012-08-31,605.59,C,0,367.27,528.4421041421017,-39.353357882395684,-12.739294879026788
6,6,2012-09-07,563.37,C,1,503.7,519.0166688180636,-10.591618297033923,-7.8728599644880575
6,6,2012-09-14,481.68,C,0,480.9,480.22607746708684,-0.16193323368211876,-0.30184407343322706
6,6,2012-09-21,535.86,C,0,355.94,463.5526938006593,-33.575934012615235,-13.493693539234258
6,6,2012-09-28,404.23,C,0,489.45,506.59494173098744,21.082057244637944,25.323440054173968
6,6,2012-10-05,438.71,C,0,413.15,514.2570371846069,-5.826172186638099,17.220267872764914
6,6,2012-10-12,463.91,C,0,524.7,499.1118119878472,13.103834795542243,7.58806923494798
6,6,2012-10-19,543.34,C,0,465.58,492.9894837280221,-14.311480840725888,-9.266852481315187
6,6,2012-10-26,519.14,C,0,611.14,487.4477299690507,17.721616519628615,-6.104763653532623
6,7,2012-06-01,753.75,C,0,791.04,716.8884370429818,4.947263681592036,-4.890422946204741
6,7,2012-06-08,683.66,C,0,717.88,718.4301532631171,5.005412046923914,5.085883811122064
6,7,2012-06-15,601.62,C,0,659.05,713.5810613436406,9.545892756224852,18.60993007939241
6,7,2012-06-22,597.57,C,0,709.14,674.2057662104843,18.670615994778842,12.824567198902928
6,7,2012-06-29,720.35,C,0,510.27,674.3061345427176,-29.163601027278414,-6.391874152465111
6,7,2012-07-06,562.26,C,0,797.28,681.2694599064736,41.799167644861804,21.166268257829753
6,7,2012-07-13,636.07,C,0,653.54,653.4008162030684,2.7465530523369934,2.724671215914658
6,7,2012-07-20,829.07,C,0,781.82,681.0911582080377,-5.699156886632009,-17.848775349724676
6,7,2012-07-27,656.62,C,0,548.78,619.3736247250172,-16.42350217781975,-5.672439961466727
6,7,2012-08-03,666.6,C,0,520.11,623.1406789686274,-21.975697569756978,-6.519550109716862
6,7,2012-08-10,525.06,C,0,617.82,625.9551953818419,17.666552394012133,19.21593634667314
6,7,2012-08-17,503.15,C,0,607.77,629.0283760260643,20.793004074331712,25.01806141827771
6,7,2012-08-24,641.23,C,0,596.81,577.202446677973,-6.927311573070516,-9.985115063553963
6,7,2012-08-31,554.31,C,0,577.28,567.0092922187904,4.143890602731329,2.291009041653668
6,7,2012-09-07,685.37,C,1,536.01,546.9210235438829,-21.79260837212017,-20.20061812686827
6,7,2012-09-14,571.16,C,0,441.52,529.888460524761,-22.69766790391484,-7.225915588493422
6,7,2012-09-21,814.14,C,0,564.78,560.7618641695835,-30.62863880905004,-31.122182404797265
6,7,2012-09-28,516.6,C,0,446.51,540.6591362497758,-13.567557104142475,4.657207946143195
6,7,2012-10-05,576.25,C,0,436.59,578.6302849830212,-24.23600867678959,0.4130646391359948
6,7,2012-10-12,488.35,C,0,507.34,574.5907366253967,3.888604484488574,17.659616386893973
6,7,2012-10-19,628.11,C,0,565.95,575.101820530616,-9.896355733868266,-8.439314685227748
6,7,2012-10-26,585.93,C,0,680.17,578.3658474658897,16.08383253972318,-1.2909652235096745
6,8,2012-06-01,926.69,C,0,691.16,734.1377478531527,-25.416266496886774,-20.778496816286708
6,8,2012-06-08,721.48,C,0,804.53,727.7621004504684,11.511060597660357,0.870724129631926
6,8,2012-06-15,778.64,C,0,977.54,763.367128291931,25.544539196547824,-1.961480492662724
6,8,2012-06-22,601.45,C,0,684.35,724.4074236730996,13.783356887521817,20.443498823360144
6,8,2012-06-29,839.97,C,0,952.96,728.9047492679715,13.451670893008083,-13.22252589164238
6,8,2012-07-06,733.45,C,0,747.12,706.1915306796835,1.8637943963460302,-3.716472741197971
6,8,2012-07-13,672.93,C,0,636.27,667.5088999606227,-5.447817752217908,-0.8055964274705065
6,8,2012-07-20,661.82,C,0,620.79,650.9845358653284,-6.199570880299792,-1.637222225782178
6,8,2012-07-27,754.35,C,0,861.77,694.6920091808632,14.240074236097296,-7.908529305910624
6,8,2012-08-03,436.95,C,0,700.39,652.3849200594218,60.29065110424534,49.30424992777705
6,8,2012-08-10,595.94,C,0,604.38,665.845845498331,1.416249958049458,11.730349615453049
6,8,2012-08-17,641.57,C,0,622.61,630.9531522281461,-2.955250401359171,-1.6548229767373694
6,8,2012-08-24,630.55,C,0,663.25,648.7843008070892,5.185948774879082,2.8918088664006345
6,8,2012-08-31,832.13,C,0,618.82,672.6879290617512,-25.634215807626205,-19.160716587341973
6,8,2012-09-07,626.24,C,1,670.83,633.9530846111105,7.120273377618809,1.2316499442882127
6,8,2012-09-14,695.42,C,0,745.88,629.0644452565416,7.256046705587996,-9.541795568643174
6,8,2012-09-21,755.11,C,0,507.77,632.204300860368,-32.75549257724041,-16.276529133454996
6,8,2012-09-28,659.12,C,0,644.84,626.7675477800486,-2.166525063721321,-4.908431275026
6,8,2012-10-05,548.22,C,0,584.09,642.9338165967671,6.542993688665135,17.27660731034385
6,8,2012-10-12,497.44,C,0,548.06,607.0193075612996,10.176101640398832,22.028648190997824
6,8,2012-10-19,659.31,C,0,673.24,613.4863781972945,2.1128149125601103,-6.950239159531249
6,8,2012-10-26,732.23,C,0,471.55,581.7102197474239,-35.60083580295809,-20.556352546682884
6,9,2012-06-01,684.59,C,0,839.41,805.1799158871561,22.61499583692428,17.614910513907017
6,9,2012-06-08,815.36,C,0,874.07,769.7530391880136,7.200500392464683,-5.593475374311515
6,9,2012-06-15,754.52,C,0,909.89,791.4950092096315,20.591899485765786,4.900467742356927
6,9,2012-06-22,855.53,C,0,760.42,765.741256059163,-11.1170853155354,-10.495101742877162
6,9,2012-06-29,773.87,C,0,872.13,779.4827940606526,12.697223047798726,0.7252890098663365
6,9,2012-07-06,777.85,C,0,887.58,734.5296323782986,14.106832936941572,-5.569244407238078
6,9,2012-07-13,707.26,C,0,914.45,752.4546484362423,29.29474309306338,6.390103842468448
6,9,2012-07-20,909.7,C,0,789.79,716.8477475829233,-13.18126855007146,-21.19954407135064
6,9,2012-07-27,634.53,C,0,746.87,746.0053878193343,17.704442658345553,17.5681824057703
6,9,2012-08-03,698.9,C,0,679.07,727.8537057338368,-2.837315781943043,4.142753717818979
6,9,2012-08-10,730.83,C,0,580.93,727.2522202230557,-20.510925933527645,-0.4895502068804427
6,9,2012-08-17,687.78,C,0,672.16,697.5428556688938,-2.271075053069296,1.4194736207644667
6,9,2012-08-24,632.09,C,0,695.18,677.7216587918587,9.981173567055311,7.219171129405405
6,9,2012-08-31,530.63,C,0,665.74,659.7886818587656,25.462186457607,24.34062941386005
6,9,2012-09-07,650.21,C,1,754.27,704.6618791605354,16.004060226695984,8.374506568729384
6,9,2012-09-14,588.03,C,0,531.59,663.0333307492024,-9.59814975426423,12.755017728551673
6,9,2012-09-21,811.54,C,0,635.96,633.7536738729322,-21.63540922197303,-21.907278276741483
6,9,2012-09-28,857.44,C,0,820.6,655.258075613723,-4.296510543011759,-23.579716876548453
6,9,2012-10-05,651.89,C,0,729.82,652.9594009608394,11.954470846308435,0.16404622878697367
6,9,2012-10-12,531.72,C,0,694.63,663.8833519687614,30.638305875272692,24.855817341601103
6,9,2012-10-19,718.01,C,0,674.43,634.9983681829694,-6.069553348839158,-11.56134758806013
6,9,2012-10-26,569.18,C,0,609.55,591.939559840353,7.092659615587338,3.998657690072221
6,10,2012-06-01,863.65,C,0,866.29,890.972640902358,0.3056793840097246,3.1636242577847495
6,10,2012-06-08,1135.66,C,0,1007.15,924.7059148384618,-11.315886797104776,-18.575461419926587
6,10,2012-06-15,983.97,C,0,1071.47,924.4777770453471,8.892547537018405,-6.046141950938839
6,10,2012-06-22,891.6,C,0,748.66,822.1147379224273,-16.03185284881113,-7.793322350557736
6,10,2012-06-29,991.97,C,0,656.92,869.5576918558633,-33.77622307126224,-12.340323613026278
6,10,2012-07-06,966.73,C,0,889.03,871.0816843651778,-8.037404445915616,-9.894005113612096
6,10,2012-07-13,705.67,C,0,922.61,890.8343434380405,30.742415009848806,26.239509039358417
6,10,2012-07-20,801.0,C,0,992.35,834.5144154372089,23.888888888888893,4.184071839851295
6,10,2012-07-27,806.54,C,0,863.33,824.3650736343994,7.04118828576389,2.2100669073324912
6,10,2012-08-03,852.07,C,0,911.69,834.7763941106537,6.997077704883401,-2.0295991983459567
6,10,2012-08-10,759.88,C,0,923.31,820.5141834623299,21.507343264726003,7.97944194640337
6,10,2012-08-17,759.01,C,0,892.16,810.7000439174028,17.542588371694702,6.8101927402014235
6,10,2012-08-24,712.84,C,0,825.16,763.4709552417064,15.756691543684406,7.102709618105939
6,10,2012-08-31,844.46,C,0,610.02,750.6807988274596,-27.762120171470535,-11.105227147827062
6,10,2012-09-07,629.39,C,1,756.49,723.8819335566677,20.194156246524418,15.01325625711685
6,10,2012-09-14,686.81,C,0,741.06,731.217484237183,7.898836650602059,6.465759706058896
6,10,2012-09-21,546.03,C,0,696.23,725.1445746412213,27.507646100031142,32.80306478420991
6,10,2012-09-28,617.29,C,0,696.48,626.3199104366829,12.828654279188074,1.4628311549973172
6,10,2012-10-05,740.46,C,0,844.05,685.6703591634025,13.989952191880711,-7.399405887772131
6,10,2012-10-12,739.96,C,0,622.39,669.1923569085295,-15.888696686307375,-9.563711969764652
6,10,2012-10-19,678.08,C,0,768.66,682.3607215344944,13.358305804624813,0.6313003678761089
6,10,2012-10-26,814.87,C,0,724.25,674.8226189753868,-11.120792273614196,-17.18646913306579
7,1,2012-06-01,438.64,B,0,470.01,425.17452919927183,7.15165055626482,-3.069822816142658
7,1,2012-06-08,435.38,B,0,430.36,428.6908405480227,-1.15301575635077,-1.5363956663092644
7,1,2012-06-15,446.04,B,0,376.53,418.0699402848606,-15.583804143126187,-6.270751438243079
7,1,2012-06-22,452.06,B,0,292.01,407.9932407768256,-35.40459231075521,-9.747989033131535
7,1,2012-06-29,434.33,B,0,530.54,444.52684997951707,22.151359565307484,2.347719471258509
7,1,2012-07-06,407.5,B,0,411.7,422.57959184242367,1.030674846625764,3.7005133355640902
7,1,2012-07-13,371.68,B,0,265.8,396.50772328616006,-28.48687042617305,6.679865283620331
7,1,2012-07-20,373.56,B,0,408.76,412.3221196214512,9.422850412249703,10.376410649280217
7,1,2012-07-27,434.16,B,0,419.8,396.44788514280725,-3.3075363921135095,-8.686225091485344
7,1,2012-08-03,368.76,B,0,348.27,372.95904551097914,-5.556459485844454,1.1386933265482013
7,1,2012-08-10,319.68,B,0,342.07,374.7005959068934,7.003878878878875,17.211147368272457
7,1,2012-08-17,429.08,B,0,367.62,383.71121204951845,-14.32366924582828,-10.573503297865559
7,1,2012-08-24,326.27,B,0,418.2,388.76484417422887,28.176050510313548,19.15433358084681
7,1,2012-08-31,366.03,B,0,361.97,359.3970666679739,-1.1091986995601304,-1.812128331564649
7,1,2012-09-07,401.39,B,1,441.09,413.91777478212794,9.890630060539623,3.1210978803976057
7,1,2012-09-14,355.6,B,0,400.61,366.46161991377744,12.657480314960626,3.054448794650567
7,1,2012-09-21,237.64,B,0,334.39,360.64862873158444,40.71284295573136,51.76259414727507
7,1,2012-09-28,367.28,B,0,269.76,344.43520004672007,-26.551949466347196,-6.219995630930055
7,1,2012-10-05,408.53,B,0,329.83,349.56428208689664,-19.264191124274838,-14.433632270115618
7,1,2012-10-12,382.5,B,0,363.46,374.1281817747975,-4.977777777777783,-2.1887106471117654
7,1,2012-10-19,247.92,B,0,341.64,366.37345285669215,37.80251694094869,47.77890160402233
7,1,2012-10-26,444.63,B,0,368.71,348.64904152428255,-17.07487124125678,-21.5867032084469
7,2,2012-06-01,462.98,B,0,553.74,509.7617463858164,19.603438593459757,10.10448537427457
7,2,2012-06-08,535.41,B,0,531.89,473.35583202649684,-0.6574400926392825,-11.590027824191392
7,2,2012-06-15,570.87,B,0,380.43,467.8389314047673,-33.35960901781491,-18.048079001389578
7,2,2012-06-22,511.01,B,0,411.84,485.324940934618,-19.40666523160017,-5.026331982814819
7,2,2012-06-29,431.59,B,0,498.65,480.29878270692586,15.537894761231726,11.285892329971938
7,2,2012-07-06,438.36,B,0,464.94,474.6362561516222,6.063509444292359,8.275448524414223
7,2,2012-07-13,545.01,B,0,436.73,464.6446595182819,-19.86752536650703,-14.745663470710276
7,2,2012-07-20,394.62,B,0,513.95,476.6826063303602,30.239217475039286,20.795349027003247
7,2,2012-07-27,568.77,B,0,401.38,448.6847950199182,-29.430173883995288,-21.113139754220818
7,2,2012-08-03,548.97,B,0,416.48,461.49334084415085,-24.134287848151995,-15.93468844487844
7,2,2012-08-10,555.23,B,0,398.72,447.9066488050059,-28.18831835455577,-19.329530319866382
7,2,2012-08-17,454.49,B,0,453.26,475.0021651446802,-0.27063301722810584,4.513226945516993
7,2,2012-08-24,409.23,B,0,327.59,451.05368477894257,-19.94966155951422,10.22009255893814
7,2,2012-08-31,440.27,B,0,386.58,449.988922586622,-12.194789560951234,2.207491445390783
7,2,2012-09-07,487.4,B,1,331.48,481.2903085490821,-31.990151826015584,-1.253527174993407
7,2,2012-09-14,376.21,B,0,386.09,434.19375767829786,2.6261928178410985,15.412604045160382
7,2,2012-09-21,348.17,B,0,437.34,432.15576656446024,25.611052072263536,24.122057203222628
7,2,2012-09-28,388.62,B,0,435.14,438.33525015210034,11.970562503216504,12.792766752122983
7,2,2012-10-05,360.33,B,0,354.57,408.37552515452666,-1.5985346765464967,13.333756599374649
7,2,2012-10-12,466.42,B,0,420.54,417.2447340175906,-9.836627931906863,-10.543129793407106
7,2,2012-10-19,367.02,B,0,381.88,416.15456998762846,4.048825677074823,13.38743664858277
7,2,2012-10-26,405.64,B,0,465.0,398.0865877513076,14.633665319002077,-1.8620974875979641
7,3,2012-06-01,579.64,B,0,645.18,580.4392797419149,11.307018149196047,0.13789244046561927
7,3,2012-06-08,568.6,B,0,521.41,553.6741740505084,-8.299331691874789,-2.6250133572795606
7,3,2012-06-15,588.89,B,0,617.28,533.2632743924554,4.82093430012396,-9.446029921979417
7,3,2012-06-22,582.46,B,0,476.54,544.2522964619135,-18.184939738351133,-6.559712862357338
7,3,2012-06-29,523.54,B,0,552.04,537.8348653467256,5.4437101272109105,2.730424675617069
7,3,2012-07-06,506.52,B,0,521.08,540.2461897647516,2.87451630735214,6.658412257117521
7,3,2012-07-13,532.62,B,0,529.75,530.5367497383988,-0.5388457061319524,-0.3911325638543737
7,3,2012-07-20,515.76,B,0,458.13,508.81832894781826,-11.173801768264308,-1.3459110927915565
7,3,2012-07-27,643.06,B,0,535.51,518.853563475899,-16.724722420924948,-19.31490631109087
7,3,2012-08-03,486.25,B,0,596.29,502.69245473227596,22.630334190231356,3.3814816930130513
7,3,2012-08-10,518.48,B,0,432.87,498.47678110943724,-16.511726585403487,-3.8580502411978816
7,3,2012-08-17,521.0,B,0,495.03,523.4702846852857,-4.984644913627644,0.4741429338360305
7,3,2012-08-24,569.93,B,0,527.72,521.762775339171,-7.406172687873937,-8.451428186063024
7,3,2012-08-31,429.02,B,0,450.93,490.46692990245003,5.10698801920657,14.32262596206472
7,3,2012-09-07,580.6,B,1,572.21,543.4895357256563,-1.4450568377540451,-6.39174376065169
7,3,2012-09-14,457.46,B,0,431.14,492.9248573090897,-5.753508503475713,7.752559198419473
7,3,2012-09-21,613.27,B,0,445.56,481.32949243459717,-27.346845598186764,-21.514260858252126
7,3,2012-09-28,480.22,B,0,388.9,484.55224873297567,-19.0162842030736,0.9021383392977474
7,3,2012-10-05,381.32,B,0,454.15,490.21177903385296,19.09944403650477,28.556534940169144
7,3,2012-10-12,442.32,B,0,445.2,508.99206957792165,0.6511123168746599,15.073265865871239
7,3,2012-10-19,534.78,B,0,483.14,510.5629384434227,-9.65630726653951,-4.528415714233382
7,3,2012-10-26,459.54,B,0,406.85,482.824287006245,-11.465813639726683,5.066868391488226
7,4,2012-06-01,562.45,B,0,675.83,659.2568670094821,20.15823628767001,17.21163961409584
7,4,2012-06-08,781.32,B,0,508.15,636.8818307560887,-34.96262734858958,-18.486429279157242
7,4,2012-06-15,673.35,B,0,717.04,654.2841863455654,6.488453256107513,-2.8314863970349116
7,4,2012-06-22,642.66,B,0,511.99,617.7791682070646,-20.33267979958298,-3.8715388841588707
7,4,2012-06-29,577.08,B,0,598.7,630.971303495574,3.746447632910516,9.338619168152421
7,4,2012-07-06,541.83,B,0,641.38,598.1856698968821,18.372921396009808,10.400987375538838
7,4,2012-07-13,658.21,B,0,613.91,588.1972077112624,-6.730374804393745,-10.636847250685587
7,4,2012-07-20,579.12,B,0,493.05,587.6296604950883,-14.862204724409448,1.4694122971211958
7,4,2012-07-27,622.01,B,0,495.2,563.9948194618595,-20.38713203967782,-9.327049490866788
7,4,2012-08-03,478.49,B,0,579.19,573.9114299614264,21.04537189909926,19.94219941094409
7,4,2012-08-10,665.3,B,0,584.79,566.0903563958077,-12.101307680745528,-14.912016173785098
7,4,2012-08-17,612.45,B,0,466.05,562.9956364484833,-23.903992162625524,-8.0748409750211
7,4,2012-08-24,537.35,B,0,559.1,560.7787744134853,4.047641202195962,4.360058511861032
7,4,2012-08-31,566.67,B,0,422.01,546.4328130789246,-25.528085128911005,-3.571247272852871
7,4,2012-09-07,607.06,B,1,587.92,577.0483192144922,-3.1529008664711875,-4.943775044560306
7,4,2012-09-14,431.28,B,0,451.64,541.1898453906036,4.720831014654057,25.484568120618544
7,4,2012-09-21,630.42,B,0,511.88,518.0851887517498,-18.803337457567967,-17.81904305831829
7,4,2012-09-28,545.5,B,0,496.51,534.6762713607102,-8.980751604033,-1.9841849017946493
7,4,2012-10-05,462.22,B,0,578.21,535.6012515530786,25.094111029379953,15.875827864021142
7,4,2012-10-12,433.99,B,0,514.34,550.1121172172449,18.514251480448863,26.756864724358824
7,4,2012-10-19,574.72,B,0,456.94,527.3031699401193,-20.493457683741653,-8.250422825007078
7,4,2012-10-26,522.98,B,0,522.7,537.339851472302,-0.053539332288036395,2.745774498508932
7,5,2012-06-01,777.45,B,0,626.82,709.2605919647093,-19.374879413467102,-8.770905914887225
7,5,2012-06-08,765.22,B,0,820.86,722.0463833325923,7.27111157575599,-5.64198748953343
7,5,2012-06-15,532.32,B,0,730.48,699.2475614013939,37.22572888488126,31.35849891069166
7,5,2012-06-22,733.58,B,0,694.08,684.1179965723696,-5.384552468715068,-6.7425507003503915
7,5,2012-06-29,816.84,B,0,680.15,692.5427354707107,-16.733999314431227,-15.216843510269983
7,5,2012-07-06,590.13,B,0,690.23,715.9132016509932,16.962364224831823,21.314490307388745
7,5,2012-07-13,658.23,B,0,710.13,620.8969620170205,7.884781915136043,-5.671731459061342
7,5,2012-07-20,639.02,B,0,708.33,633.9033872601392,10.846295890582464,-0.8006968075898695
7,5,2012-07-27,766.01,B,0,750.86,656.5820093162097,-1.9777809689168517,-14.285451976317582
7,5,2012-08-03,714.68,B,0,637.43,639.7185765813297,-10.809033413555719,-10.488809455794241
7,5,2012-08-10,554.27,B,0,740.12,648.3765473636363,33.53058978476194,16.978466697392303
7,5,2012-08-17,635.64,B,0,677.83,632.9628688262779,6.637404820338564,-0.42117097314864477
7,5,2012-08-24,773.1,B,0,584.6,625.9742389459896,-24.382356745569783,-19.030624893805516
7,5,2012-08-31,545.04,B,0,455.47,637.1687806581986,-16.433656245413168,16.90312282735186
7,5,2012-09-07,612.4,B,1,608.01,629.7395116821615,-0.7168517308948378,2.831402952671704
7,5,2012-09-14,615.8,B,0,682.68,569.2241923943983,10.860669048392335,-7.56346339811654
7,5,2012-09-21,525.97,B,0,502.15,592.5821841006324,-4.528775405441384,12.664635644738741
7,5,2012-09-28,699.4,B,0,562.01,552.1370730238015,-19.643980554761225,-21.055608661166502
7,5,2012-10-05,528.7,B,0,565.07,574.8690685009366,6.879137507092869,8.732564498001992
7,5,2012-10-12,458.2,B,0,621.47,607.085327800047,35.63291139240507,32.49352418159036
7,5,2012-10-19,522.49,B,0,521.34,597.8114994210418,-0.22009990621829648,14.4158738772114
7,5,2012-10-26,611.68,B,0,486.15,582.9596801003531,-20.52216845409364,-4.695317796829523
7,6,2012-06-01,743.16,B,0,695.67,836.0535488012827,-6.3902793476505755,12.49980472593825
7,6,2012-06-08,819.87,B,0,771.54,812.3354098509111,-5.8948369863515,-0.9189981520349444
7,6,2012-06-15,932.25,B,0,833.08,809.2442197481663,-10.637704478412438,-13.194505792634349
7,6,2012-06-22,816.02,B,0,774.76,811.1496221558824,-5.056248621357319,-0.5968454013526103
7,6,2012-06-29,828.72,B,0,818.86,829.2763321915128,-1.189786658943915,0.06713150298203877
7,6,2012-07-06,608.55,B,0,830.75,818.9108040115086,36.513022759017346,34.56754646479479
7,6,2012-07-13,759.27,B,0,769.39,721.0569800680145,1.3328591936992116,-5.03286313590495
7,6,2012-07-20,693.34,B,0,644.23,763.6393118260594,-7.08310497014452,10.139226328505401
7,6,2012-07-27,647.36,B,0,662.42,750.4517905335247,2.326371725160644,15.924955285084753
7,6,2012-08-03,689.43,B,0,837.39,712.421274310156,21.46120708411297,3.33482359487636
7,6,2012-08-10,688.59,B,0,692.94,728.5384933973895,0.6317257003441848,5.801491946933514
7,6,2012-08-17,617.32,B,0,670.94,729.4344253629858,8.685932741527894,18.161476278589028
7,6,2012-08-24,673.72,B,0,575.07,639.6990768145794,-14.642581487858452,-5.0497125193582875
7,6,2012-08-31,634.47,B,0,628.67,656.680197855713,-0.9141488171229638,3.5005907065287527
7,6,2012-09-07,732.78,B,1,720.83,685.524074921672,-1.6307759491252398,-6.448855738192637
7,6,2012-09-14,651.48,B,0,621.47,619.1164977082079,-4.6064345797261605,-4.967689306163211
7,6,2012-09-21,657.49,B,0,571.42,630.7709173111028,-13.09069339457635,-4.063800618853089
7,6,2012-09-28,702.21,B,0,585.63,595.27978159746,-16.601871235100614,-15.227669557901487
7,6,2012-10-05,663.9,B,0,703.68,590.2519758925366,5.991866244916399,-11.093240564462022
7,6,2012-10-12,615.82,B,0,658.64,631.3201176227689,6.953330518658038,2.516988344446236
7,6,2012-10-19,444.39,B,0,647.15,598.0833179769745,45.626589257184,34.58523323589067
7,6,2012-10-26,659.0,B,0,640.49,605.6818986115396,-2.8088012139605447,-8.090758936033442
7,7,2012-06-01,965.95,B,0,890.11,852.5880478094788,-7.851338060976245,-11.735799181170998
7,7,2012-06-08,856.78,B,0,682.36,792.9124805610162,-20.357618058311346,-7.454366282941219
7,7,2012-06-15,837.31,B,0,675.09,812.4127180780229,-19.373947522422988,-2.9734843632557935
7,7,2012-06-22,855.47,B,0,829.09,824.3351197510776,-3.0836849918758102,-3.6395057978564296
7,7,2012-06-29,745.32,B,0,818.23,828.5949535476101,9.782375355551972,11.173046952665972
7,7,2012-07-06,816.58,B,0,626.35,779.242578655751,-23.295941610130054,-4.572414380005515
7,7,2012-07-13,684.67,B,0,812.29,786.1035857643459,18.639636613258943,14.814959873274121
7,7,2012-07-20,898.57,B,0,861.54,743.9279901219116,-4.120992243230921,-17.209789986098844
7,7,2012-07-27,673.08,B,0,731.73,765.5746018691772,8.713674451773931,13.741992314312878
7,7,2012-08-03,791.07,B,0,743.57,708.0279787047059,-6.0045255160731665,-10.497430226818631
7,7,2012-08-10,646.8,B,0,776.67,704.0814637265461,20.078849721706867,8.856132301568664
7,7,2012-08-17,679.58,B,0,752.8,703.6641527929851,10.77430177462549,3.5439761018548275
7,7,2012-08-24,682.54,B,0,553.23,692.8201865604009,-18.94540979283265,1.5061661676093594
7,7,2012-08-31,971.94,B,0,611.08,680.6961604277473,-37.127806243183734,-29.96520768486252
7,7,2012-09-07,729.77,B,1,679.67,721.5525565536818,-6.865176699508067,-1.126031961620532
7,7,2012-09-14,614.86,B,0,597.71,666.7060453992652,-2.7892528380444293,8.432170802990148
7,7,2012-09-21,641.82,B,0,798.97,697.0877664508209,24.485058115982667,8.611100690352574
7,7,2012-09-28,541.84,B,0,719.32,695.5730909098247,32.75505684334859,28.37241453377836
7,7,2012-10-05,657.97,B,0,559.74,655.6085587232653,-14.9292520935605,-0.3588980161306282
7,7,2012-10-12,835.72,B,0,637.57,680.2125608106401,-23.71009428995357,-18.60760053479155
7,7,2012-10-19,699.82,B,0,757.15,698.1405684989388,8.192106541682136,-0.23998049513606795
7,7,2012-10-26,751.58,B,0,599.5,665.5405379276177,-20.234705553633685,-11.447811553311999
7,8,2012-06-01,881.48,B,0,900.63,946.2149495642092,2.1724826428279687,7.343893175592091
7,8,2012-06-08,1035.4,B,0,1088.54,987.939469163048,5.132316013135007,-4.583787023078241
7,8,2012-06-15,973.75,B,0,1076.34,1018.0146623656638,10.535558408215653,4.545793310979589
7,8,2012-06-22,877.69,B,0,923.38,904.8535424898624,5.20571044446216,3.094890279012223
7,8,2012-06-29,1053.25,B,0,727.45,930.858670106145,-30.932826964158554,-11.620349384652737
7,8,2012-07-06,853.9,B,0,843.58,924.6679587264165,-1.2085724323691225,8.287616667808468
7,8,2012-07-13,950.36,B,0,759.92,873.7830802747326,-20.03872216844144,-8.05767495741271
7,8,2012-07-20,862.01,B,0,834.68,849.7664072213735,-3.170496861985365,-1.42035391452843
7,8,2012-07-27,1013.11,B,0,721.38,906.7929059777981,-28.79549111152787,-10.494131340348224
7,8,2012-08-03,885.15,B,0,682.24,885.1751751878498,-22.92379822628933,0.0028441719312961703
7,8,2012-08-10,803.28,B,0,565.66,856.031092958255,-29.581217010257944,6.566962075273263
7,8,2012-08-17,768.56,B,0,787.24,844.7574103247218,2.430519412928082,9.914308619329901
7,8,2012-08-24,772.15,B,0,536.98,822.2234590912432,-30.456517516026675,6.484939337077407
7,8,2012-08-31,692.41,B,0,716.8,809.9591509844446,3.52247945581375,16.97681301316339
7,8,2012-09-07,651.5,B,1,844.97,800.0379131632989,29.69608595548734,22.799372703499444
7,8,2012-09-14,773.52,B,0,659.28,742.3406708076254,-14.768848898541734,-4.030836848740117
7,8,2012-09-21,684.96,B,0,617.0,716.9334893848501,-9.921747255314184,4.66793526408112
7,8,2012-09-28,679.0,B,0,709.48,714.1540758743995,4.48895434462445,5.177330762061781
7,8,2012-10-05,718.14,B,0,631.99,678.666400164333,-11.996268137132033,-5.496644085507974
7,8,2012-10-12,729.41,B,0,727.56,726.2237218933411,-0.25362964587817866,-0.4368295069520361
7,8,2012-10-19,724.49,B,0,609.33,720.7236977989619,-15.895319466107189,-0.5198556503247962
7,8,2012-10-26,892.75,B,0,700.12,663.1150058149642,-21.57714925791095,-25.72220601344562
7,9,2012-06-01,1197.64,B,0,943.8,927.1492480873789,-21.195016866504133,-22.585313776478845
7,9,2012-06-08,1221.95,B,0,716.05,926.0259858178199,-41.40103932239454,-24.217358662971492
7,9,2012-06-15,1019.65,B,0,892.11,934.005887967953,-12.508213602706808,-8.399363706374444
7,9,2012-06-22,1055.68,B,0,982.33,939.1312860715203,-6.948128220672933,-11.040155532782636
7,9,2012-06-29,1038.82,B,0,926.69,952.8168740981939,-10.793977782483962,-8.27892473208121
7,9,2012-07-06,801.07,B,0,837.52,919.1311245886195,4.550164155442087,14.737928594082847
7,9,2012-07-13,991.26,B,0,907.36,907.9082809358013,-8.463975142747612,-8.408663626515619
7,9,2012-07-20,797.7,B,0,900.41,930.8109708604687,12.87576783251848,16.686846039923363
7,9,2012-07-27,870.35,B,0,946.5,908.9498281578061,8.749353708278276,4.434977670799803
7,9,2012-08-03,991.28,B,0,790.67,890.0437802111027,-20.237470744895493,-10.212676518127804
7,9,2012-08-10,866.8,B,0,933.23,854.9732487073795,7.663820950622989,-1.3644152391117248
7,9,2012-08-17,958.8,B,0,715.45,929.9560703527518,-25.380684188569035,-3.0083364254535003
7,9,2012-08-24,966.12,B,0,763.28,854.4258741208276,-20.995321492154186,-11.561102749055227
7,9,2012-08-31,637.04,B,0,979.73,861.4097104563441,53.79411025995229,35.220662824366464
7,9,2012-09-07,611.75,B,1,720.82,891.010142213276,17.829178586023712,45.649389818271516
7,9,2012-09-14,919.74,B,0,715.01,862.4268115988081,-22.259551612412203,-6.23145545493204
7,9,2012-09-21,916.13,B,0,645.56,786.4770362806469,-29.534018097868213,-14.152245174740827
7,9,2012-09-28,811.88,B,0,683.62,704.5298149563337,-15.797901167660244,-13.222420190627474
7,9,2012-10-05,821.6,B,0,779.44,780.3659570862745,-5.131450827653356,-5.018749137503102
7,9,2012-10-12,871.04,B,0,835.86,876.5478724144749,-4.0388501102130725,0.6323328910813448
7,9,2012-10-19,868.46,B,0,759.99,837.8685475122724,-12.48992469428644,-3.5224941261229854
7,9,2012-10-26,747.45,B,0,729.49,835.1070893611077,-2.4028363101210832,11.72748536505554
7,10,2012-06-01,1053.69,B,0,933.27,1088.7678415610426,-11.428408735016946,3.3290475909463444
7,10,2012-06-08,1065.92,B,0,1066.03,1009.5769867929256,0.01031972380665528,-5.285857588475165
7,10,2012-06-15,1052.48,B,0,730.91,1031.5379578960174,-30.55354971115841,-1.9897805282744239
7,10,2012-06-22,1020.77,B,0,1042.62,1032.9787296125007,2.140540964174095,1.1960313892944294
7,10,2012-06-29,971.35,B,0,1032.44,955.0444960366198,6.289185154681631,-1.6786435335749483
7,10,2012-07-06,986.65,B,0,957.65,897.7452528094368,-2.939238838493894,-9.010768478240832
7,10,2012-07-13,1133.8,B,0,955.39,868.8248044162092,-15.735579467278177,-23.370541152212983
7,10,2012-07-20,901.97,B,0,810.44,922.0904257189677,-10.147787620430831,2.2307200593110283
7,10,2012-07-27,1199.99,B,0,1086.58,908.0624402852804,-9.450912090934098,-24.32749937205473
7,10,2012-08-03,863.17,B,0,879.3,887.5459098835463,1.8686933049109673,2.8239987353066422
7,10,2012-08-10,944.61,B,0,793.2,907.8744798506383,-16.028837297932476,-3.8889615978405603
7,10,2012-08-17,966.4,B,0,946.53,838.9670874087161,-2.0560844370860933,-13.1863527101908
7,10,2012-08-24,856.66,B,0,884.39,850.9210477250698,3.236990171129739,-0.6699218213678905
7,10,2012-08-31,1029.53,B,0,819.49,882.9524724736273,-20.401542451409863,-14.237324558426923
7,10,2012-09-07,971.4,B,1,836.06,963.1065285882528,-13.93246860201771,-0.8537648148802957
7,10,2012-09-14,831.92,B,0,837.1,865.6488990469403,0.6226560246177594,4.054344053146979
7,10,2012-09-21,998.44,B,0,978.69,896.7049897276951,-1.9780858138696364,-10.189396485748265
7,10,2012-09-28,727.11,B,0,874.93,888.122096640435,20.32979879247981,22.14411803447002
7,10,2012-10-05,772.37,B,0,814.36,865.4511570422953,5.43651358804718,12.051368779509215
7,10,2012-10-12,894.83,B,0,910.06,889.4014403417402,1.7019992624297244,-0.606658209744847
7,10,2012-10-19,920.65,B,0,817.86,885.0040023420122,-11.164937815673705,-3.871829431161438
7,10,2012-10-26,868.86,B,0,860.69,877.2068285939459,-0.9403125935133346,0.9606643871217376
8,1,2012-06-01,526.07,B,0,518.38,545.9894749872386,-1.4617826524987272,3.7864685283780815
8,1,2012-06-08,480.13,B,0,524.18,545.3002883430008,9.174598546227054,13.573467257409625
8,1,2012-06-15,630.67,B,0,507.11,526.3181032359724,-19.591862622290574,-16.546196388606962
8,1,2012-06-22,488.44,B,0,382.7,522.7961428408406,-21.64851363524691,7.033851208099382
8,1,2012-06-29,584.52,B,0,598.15,526.9758773075278,2.3318278245397925,-9.84467985568881
8,1,2012-07-06,424.89,B,0,420.59,523.6117077287589,-1.012026642189746,23.234650786970494
8,1,2012-07-13,526.07,B,0,447.4,506.8181176274335,-14.954283650464781,-3.659566668421801
8,1,2012-07-20,516.07,B,0,413.85,499.7162198688229,-19.807390470285043,-3.1689073441930606
8,1,2012-07-27,535.26,B,0,550.75,499.02908536832854,2.8939207114299608,-6.7688440443282625
8,1,2012-08-03,562.15,B,0,492.7,489.60484068199213,-12.354353820154762,-12.904946956863444
8,1,2012-08-10,423.28,B,0,433.93,506.648222368141,2.516065016065024,19.695762230235545
8,1,2012-08-17,491.34,B,0,422.3,474.60971880007315,-14.05136972361297,-3.405031383548423
8,1,2012-08-24,377.1,B,0,456.17,484.58762631452913,20.967913020418987,28.503746039387188
8,1,2012-08-31,369.89,B,0,368.68,451.087284525143,-0.32712428019140277,21.95173822626808
8,1,2012-09-07,429.83,B,1,477.87,451.0644444947737,11.176511644138385,4.940196006508084
8,1,2012-09-14,460.28,B,0,397.27,446.38744924419944,-13.689493351872773,-3.0182825140785017
8,1,2012-09-21,527.93,B,0,453.62,442.3378702535408,-14.075729736896928,-16.21278005539733
8,1,2012-09-28,534.91,B,0,448.34,449.20677067779457,-16.184030958478996,-16.02199048853179
8,1,2012-10-05,406.93,B,0,384.73,455.3269289636699,-5.455483744132895,11.89318284807458
8,1,2012-10-12,443.02,B,0,300.57,420.2711867434307,-32.15430454607016,-5.134940466924584
8,1,2012-10-19,478.83,B,0,402.67,453.04983229615493,-15.905436167324513,-5.383991751528738
8,1,2012-10-26,469.44,B,0,335.13,457.4628849738151,-28.610685071574643,-2.551362266995759
8,2,2012-06-01,505.98,B,0,562.45,615.2788581776147,11.160520178663193,21.601418668250652
8,2,2012-06-08,671.08,B,0,658.14,647.4924469864319,-1.9282350837456121,-3.5148645487226764
8,2,2012-06-15,614.71,B,0,620.72,611.2284505796696,0.9776968001171269,-0.5663726668397215
8,2,2012-06-22,654.81,B,0,571.02,612.3275124752793,-12.796078251706597,-6.487757903013193
8,2,2012-06-29,530.07,B,0,598.3,600.5415032208241,12.871884845397757,13.294754130741984
8,2,2012-07-06,657.68,B,0,581.67,601.1200207512845,-11.557292300206786,-8.59992386095296
8,2,2012-07-13,609.1,B,0,482.42,571.3251493293567,-20.79789853882778,-6.2017485914699275
8,2,2012-07-20,554.8,B,0,508.25,560.1415005701326,-8.390410958904102,0.9627794827203797
8,2,2012-07-27,560.6,B,0,470.76,552.5382531750299,-16.02568676418124,-1.4380568720959865
8,2,2012-08-03,560.22,B,0,510.6,555.4912738927168,-8.857234657813002,-0.8440837719615955
8,2,2012-08-10,474.24,B,0,605.25,553.1499089352924,27.625253036437247,16.639235183723933
8,2,2012-08-17,495.79,B,0,547.79,523.1123438646234,10.488311583533338,5.5108703008579045
8,2,2012-08-24,533.5,B,0,410.99,502.4193094740409,-22.963448922211807,-5.8258089083334745
8,2,2012-08-31,477.74,B,0,477.69,504.8816795956022,-0.01046594381881596,5.681265875916224
8,2,2012-09-07,424.56,B,1,528.64,530.1907316651153,24.514791784435648,24.88004797086756
8,2,2012-09-14,511.38,B,0,530.34,499.09283102398797,3.707614689663271,-2.4027472673964616
8,2,2012-09-21,541.17,B,0,436.36,502.53839821015674,-19.36729678289631,-7.13853350884994
8,2,2012-09-28,552.26,B,0,395.08,486.7652464137127,-28.461232028392423,-11.859405639786928
8,2,2012-10-05,515.29,B,0,467.9,506.0022596831528,-9.196762987832093,-1.8024297612698077
8,2,2012-10-12,532.03,B,0,506.33,503.0731303000452,-4.8305546679698494,-5.442713700346744
8,2,2012-10-19,542.45,B,0,484.57,506.6450167324488,-10.670107844040935,-6.6006052663934405
8,2,2012-10-26,485.18,B,0,413.77,505.740126792407,-14.718248897316466,4.237628672329239
8,3,2012-06-01,573.06,B,0,671.7,696.5244357444602,17.21285729243013,21.54476594849759
8,3,2012-06-08,603.23,B,0,680.01,689.9869475386367,12.728146809674582,14.382067791495237
8,3,2012-06-15,729.9,B,0,706.87,676.6270792714513,-3.155226743389502,-7.298660190238208
8,3,2012-06-22,714.09,B,0,660.14,696.3447990752333,-7.555070089204448,-2.4850090219393604
8,3,2012-06-29,596.16,B,0,685.76,682.8506982249562,15.029522275899094,14.54151540273689
8,3,2012-07-06,595.42,B,0,569.5,648.5297241740303,-4.353229653018031,8.919707798533869
8,3,2012-07-13,677.88,B,0,532.17,628.498659341406,-21.494954859267132,-7.2846729006009925
8,3,2012-07-20,713.1,B,0,642.6,635.543052967833,-9.886411442995371,-10.876026788973082
8,3,2012-07-27,604.09,B,0,646.68,628.2416035219662,7.050273965799785,3.9980141240487663
8,3,2012-08-03,638.06,B,0,624.7,609.4309453925462,-2.093846973638827,-4.486890669757355
8,3,2012-08-10,650.72,B,0,587.1,602.6244731349449,-9.776862552249815,-7.39112473338074
8,3,2012-08-17,732.16,B,0,545.11,593.9541672641299,-25.54769449300699,-18.87645224211513
8,3,2012-08-24,487.82,B,0,574.18,582.2650483989706,17.703251199212815,19.360634742111976
8,3,2012-08-31,514.22,B,0,577.91,592.4445739931379,12.385749290187068,15.21227762302863
8,3,2012-09-07,544.29,B,1,603.54,568.1127672558581,10.88574105715703,4.3768519090665166
8,3,2012-09-14,606.85,B,0,722.59,577.9055087894285,19.07225838345555,-4.769628608481755
8,3,2012-09-21,524.72,B,0,466.29,560.4990266933172,-11.135462722976063,6.81868933780248
8,3,2012-09-28,560.66,B,0,757.07,611.1574728926029,35.03192665786753,9.006790727464578
8,3,2012-10-05,544.13,B,0,435.2,555.9881598840043,-20.019113079594952,2.179288016467442
8,3,2012-10-12,533.86,B,0,550.31,544.3931706282301,3.081332184467825,1.9730211344229005
8,3,2012-10-19,540.93,B,0,437.45,535.1543229114395,-19.13001682287911,-1.0677309612261159
8,3,2012-10-26,607.41,B,0,545.08,558.5731981120553,-10.261602541940357,-8.040170871066449
8,4,2012-06-01,831.41,B,0,821.91,716.5210739368076,-1.1426372066730013,-13.81856437415864
8,4,2012-06-08,764.13,B,0,664.36,733.4780349367993,-13.056678837370603,-4.0113547515737755
8,4,2012-06-15,762.39,B,0,740.27,731.3518686048064,-2.9014021694933048,-4.071161924368571
8,4,2012-06-22,658.8,B,0,703.81,754.2005080188038,6.832119004250151,14.480951429690933
8,4,2012-06-29,771.6,B,0,755.49,731.3798497693937,-2.087869362363921,-5.212564830301497
8,4,2012-07-06,690.31,B,0,713.26,722.266474260802,3.3245932986629265,4.629293253871755
8,4,2012-07-13,537.23,B,0,633.72,672.0082924683896,17.9606500009307,25.087633316901442
8,4,2012-07-20,747.0,B,0,643.78,664.3908661630524,-13.817938420348064,-11.058786323553903
8,4,2012-07-27,759.38,B,0,787.81,651.5661653445816,3.7438436619347293,-14.19761313906324
8,4,2012-08-03,775.25,B,0,514.55,658.9133220838258,-33.62786198000646,-15.006343491283348
8,4,2012-08-10,818.22,B,0,691.78,674.9522899855971,-15.45305663513481,-17.509680772213212
8,4,2012-08-17,698.21,B,0,722.91,674.4104475739009,3.537617622205344,-3.4086524721930545
8,4,2012-08-24,667.99,B,0,661.12,688.0107869499151,-1.0284585098579326,2.9971686626918186
8,4,2012-08-31,704.15,B,0,761.09,659.6816850777783,8.086345238940575,-6.315176442834862
8,4,2012-09-07,568.09,B,1,705.69,727.4036466150711,24.221514196694187,28.043733671613847
8,4,2012-09-14,472.48,B,0,621.59,632.27542360498,31.55900778868947,33.8205688293642
8,4,2012-09-21,560.2,B,0,549.05,645.3084373516099,-1.9903605855051927,15.192509345164195
8,4,2012-09-28,693.0,B,0,612.53,642.6301471620865,-11.611832611832616,-7.268377032887955
8,4,2012-10-05,537.87,B,0,631.1,645.1321413115268,17.333184598508936,19.94201969091542
8,4,2012-10-12,624.23,B,0,576.08,596.6706909286474,-7.713503035740028,-4.41492864350521
8,4,2012-10-19,632.18,B,0,517.13,604.5404715042603,-18.19893068429877,-4.37209789865856
8,4,2012-10-26,607.35,B,0,481.93,614.4217076992251,-20.65036634559974,1.164354605947978
8,5,2012-06-01,681.07,B,0,676.61,866.2060698154006,-0.6548519241781368,27.18311918237487
8,5,2012-06-08,753.9,B,0,753.59,825.8299573922416,-0.04111951187159377,9.541047538432364
8,5,2012-06-15,752.71,B,0,641.73,819.8116284464433,-14.744058136599755,8.914672110964808
8,5,2012-06-22,712.07,B,0,728.75,839.128079130393,2.342466330557382,17.843481558048072
8,5,2012-06-29,594.24,B,0,775.16,806.497717441464,30.4456112008616,35.719190468743946
8,5,2012-07-06,857.63,B,0,822.55,771.4657869366902,-4.090341988969607,-10.04678160317501
8,5,2012-07-13,598.45,B,0,563.28,794.8783414975602,-5.876848525357184,32.82284927689199
8,5,2012-07-20,824.35,B,0,778.94,761.7701094095852,-5.508582519560862,-7.591422404368877
8,5,2012-07-27,919.21,B,0,636.02,740.3435956245293,-30.807976414529875,-19.45870958491213
8,5,2012-08-03,653.25,B,0,602.74,742.847185528375,-7.732108687332566,13.715604367145046
8,5,2012-08-10,740.89,B,0,700.47,724.7967898198142,-5.455600696459658,-2.1721456869691576
8,5,2012-08-17,662.13,B,0,736.81,674.3112783843136,11.278751906725258,1.8397109909403895
8,5,2012-08-24,756.17,B,0,663.78,682.3214175336095,-12.2181520028565,-9.766134925531354
8,5,2012-08-31,573.35,B,0,568.96,693.1550552958485,-0.7656754164123112,20.895623143951937
8,5,2012-09-07,688.13,B,1,677.19,717.851034957976,-1.5898158778137765,4.319101762454192
8,5,2012-09-14,754.82,B,0,583.84,654.6938693485062,-22.65175803502822,-13.264901652247406
8,5,2012-09-21,648.31,B,0,691.11,636.20274030883,6.601780012648281,-1.8675108653529842
8,5,2012-09-28,508.14,B,0,726.37,672.9357477960025,42.94682567796277,32.431170109812754
8,5,2012-10-05,750.06,B,0,717.32,647.2210016614099,-4.364984134602552,-13.710769583578655
8,5,2012-10-12,530.93,B,0,627.04,662.5898154952499,18.102198029872117,24.797961218098425
8,5,2012-10-19,647.98,B,0,724.22,677.8778034645488,11.765795240593846,4.614000966781199
8,5,2012-10-26,692.12,B,0,541.9,655.6038429922996,-21.70432872912212,-5.275986390755992
8,6,2012-06-01,932.05,B,0,915.8,860.1354176902263,-1.7434686980312215,-7.715742965481859
8,6,2012-06-08,837.06,B,0,780.17,874.866150229547,-6.796406470264974,4.516540060395554
8,6,2012-06-15,1007.37,B,0,977.46,887.3972226287922,-2.9691176032639417,-11.909504687573365
8,6,2012-06-22,866.66,B,0,886.89,875.083688309193,2.3342487249901946,0.9719715123800614
8,6,2012-06-29,720.52,B,0,955.69,878.6189402472406,32.63892744129241,21.942338900688483
8,6,2012-07-06,780.51,B,0,722.22,828.5049794597293,-7.468193873236725,6.1491818759182175
8,6,2012-07-13,728.64,B,0,844.14,826.5723267900584,15.85144927536232,13.440426931002742
8,6,2012-07-20,907.1,B,0,710.45,792.7177771216778,-21.678976959541394,-12.609659671295578
8,6,2012-07-27,865.64,B,0,802.73,792.4865404275187,-7.267455293193471,-8.450794738283966
8,6,2012-08-03,774.75,B,0,903.25,805.6148495981889,16.585995482413683,3.983846350201862
8,6,2012-08-10,794.22,B,0,620.89,775.7960864000992,-21.82392787892524,-2.3197493893254837
8,6,2012-08-17,746.7,B,0,613.73,749.2957479329804,-17.80768715682336,0.34762929328784203
8,6,2012-08-24,822.91,B,0,817.58,731.955509666834,-0.6477014497332548,-11.05278710103972
8,6,2012-08-31,780.58,B,0,716.91,740.9496726834807,-8.156755233288077,-5.077035962555965
8,6,2012-09-07,827.04,B,1,858.07,737.6061950849527,3.7519346101760602,-10.813721816967412
8,6,2012-09-14,696.6,B,0,625.38,735.3567376108596,-10.22394487510767,5.56370048964392
8,6,2012-09-21,648.85,B,0,698.02,668.0391972289872,7.578022655467359,2.9574165414174547
8,6,2012-09-28,763.62,B,0,751.61,722.8521930700517,-1.5727717974908975,-5.338755785593395
8,6,2012-10-05,841.91,B,0,703.4,711.3504294014423,-16.451877279044076,-15.507544820533987
8,6,2012-10-12,798.37,B,0,515.78,728.25339848653,-35.39586908325714,-8.782469470730359
8,6,2012-10-19,841.9,B,0,942.83,744.0723184697432,11.988359662667783,-11.619869524914689
8,6,2012-10-26,711.37,B,0,701.89,754.145667312829,-1.332639835809778,6.013139057428483
8,7,2012-06-01,793.26,B,0,803.19,955.0828120864254,1.2517963845397555,20.3997191445964
8,7,2012-06-08,912.5,B,0,862.7,900.4249105695579,-5.457534246575337,-1.3232974718292672
8,7,2012-06-15,1186.31,B,0,896.36,962.1324499400878,-24.44133489560064,-18.897046308293124
8,7,2012-06-22,829.04,B,0,945.32,970.110580353126,14.025861237093517,17.016136779060847
8,7,2012-06-29,920.36,B,0,962.11,882.3303391884133,4.536268416706506,-4.132041897908071
8,7,2012-07-06,1022.64,B,0,1130.82,951.0480581227101,10.578502698896967,-7.000698376485357
8,7,2012-07-13,950.27,B,0,796.02,884.2837165970288,-16.232228734991107,-6.943951024758347
8,7,2012-07-20,949.91,B,0,823.69,877.1328314335511,-13.287574612331685,-7.661480410401916
8,7,2012-07-27,929.26,B,0,769.28,879.9858804539404,-17.21584917030756,-5.302511627107552
8,7,2012-08-03,843.54,B,0,933.62,912.5632348297202,10.678805984304248,8.18256808565334
8,7,2012-08-10,747.72,B,0,924.97,894.4314353216014,23.705397742470442,19.621173075696966
8,7,2012-08-17,856.88,B,0,753.45,842.1150969345342,-12.070534964055637,-1.7231004417731506
8,7,2012-08-24,760.57,B,0,992.01,865.7940618622393,30.429809222030833,13.834895126318326
8,7,2012-08-31,741.13,B,0,703.15,812.6313430057718,-5.1246070190115125,9.647611485943328
8,7,2012-09-07,973.36,B,1,909.87,764.0309717185571,-6.5227664995479575,-21.505817814728662
8,7,2012-09-14,731.78,B,0,899.96,836.5028768833611,22.982317089835753,14.310704977364933
8,7,2012-09-21,932.84,B,0,611.03,731.149234438227,-34.497877449509026,-21.621153205455705
8,7,2012-09-28,782.11,B,0,798.92,816.0978550043696,2.1493140351101436,4.345661736120192
8,7,2012-10-05,736.35,B,0,464.68,737.0290625566353,-36.89414001493855,0.09222007966799003
8,7,2012-10-12,568.19,B,0,816.94,797.7095411684622,43.779369577078086,40.39485755970048
8,7,2012-10-19,961.05,B,0,623.87,805.3363927259887,-35.08454294781749,-16.202445999064693
8,7,2012-10-26,749.82,B,0,791.87,783.5103998570456,5.608012589688186,4.493131665872553
8,8,2012-06-01,1119.96,B,0,1293.33,1058.8402219676673,15.480017143469398,-5.457317942813383
8,8,2012-06-08,1093.73,B,0,976.88,964.9930416849891,-10.683623929123277,-11.77045141991268
8,8,2012-06-15,1137.1,B,0,1079.93,1075.2336764634174,-5.027702049072188,-5.440710890562177
8,8,2012-06-22,1202.15,B,0,1025.92,1062.149177566428,-14.659568273509963,-11.645869686276422
8,8,2012-06-29,936.17,B,0,960.48,972.9358303686585,2.596750590170595,3.927260045574896
8,8,2012-07-06,1264.98,B,0,1003.56,1015.4740510598106,-20.665939382440833,-19.724102273568707
8,8,2012-07-13,732.44,B,0,1078.11,980.3798547222016,47.194309431489245,33.85121712661808
8,8,2012-07-20,849.63,B,0,988.26,996.192481876734,16.31651424737827,17.2501538171597
8,8,2012-07-27,938.62,B,0,918.25,931.179661027497,-2.1702073256482928,-0.7926891577531924
8,8,2012-08-03,960.42,B,0,940.89,927.1161085844867,-2.033485350159302,-3.4676382640421117
8,8,2012-08-10,867.01,B,0,1075.29,903.0219498520087,24.02279097126907,4.1535795264193816
8,8,2012-08-17,818.93,B,0,811.04,895.4118397055597,-0.9634523097212199,9.339240192148262
8,8,2012-08-24,1094.49,B,0,643.56,940.7869463779342,-41.200010964010644,-14.043349287984888
8,8,2012-08-31,787.87,B,0,712.28,919.5208894519772,-9.594222397095972,16.70972234657712
8,8,2012-09-07,762.06,B,1,744.59,896.3805725394126,-2.2924704091541237,17.62598385158815
8,8,2012-09-14,1006.46,B,0,714.56,852.8890878869104,-29.002642926693568,-15.258521164585742
8,8,2012-09-21,908.24,B,0,710.19,840.5200610960512,-21.805910332070813,-7.456172256666606
8,8,2012-09-28,928.23,B,0,792.07,840.1275441200584,-14.668778212296518,-9.491446719018095
8,8,2012-10-05,827.43,B,0,816.61,839.3396642543331,-1.3076634881500473,1.4393561091975353
8,8,2012-10-12,656.43,B,0,812.86,864.5779685035666,23.83041603826761,31.7090883267929
8,8,2012-10-19,812.25,B,0,708.6,843.1814981451294,-12.760849492151427,3.808125348738609
8,8,2012-10-26,642.31,B,0,894.61,901.9350078227911,39.280098394856076,40.4205146771483
8,9,2012-06-01,1275.31,B,0,1031.73,1049.470379141667,-19.099669884185015,-17.7086058180625
8,9,2012-06-08,922.65,B,0,1120.54,1072.0984704438674,21.4480030347369,16.197742420621843
8,9,2012-06-15,1190.73,B,0,1059.31,1116.3778532681883,-11.036926927179131,-6.244249051574385
8,9,2012-06-22,995.51,B,0,922.51,1049.6008387284169,-7.332924832497915,5.433480198934906
8,9,2012-06-29,1090.8,B,0,1213.3,1121.3497426133115,11.23028969563623,2.800673140200911
8,9,2012-07-06,1152.38,B,0,1079.73,1059.1608843127478,-6.30434405317691,-8.089268790438247
8,9,2012-07-13,1067.06,B,0,1032.97,931.5548074877337,-3.194759432459273,-12.698929067931164
8,9,2012-07-20,961.96,B,0,1041.73,981.096571257899,8.292444592290737,1.9893312879848368
8,9,2012-07-27,1138.45,B,0,756.4,982.0509904784934,-33.55878606877773,-13.737890071720905
8,9,2012-08-03,995.24,B,0,888.36,967.8151108059652,-10.739118202644587,-2.755605602069329
8,9,2012-08-10,1367.08,B,0,753.98,1032.9879473001356,-44.84741200222371,-24.43836883721979
8,9,2012-08-17,735.69,B,0,927.46,911.4852679579692,26.066685696421043,23.895291217492304
8,9,2012-08-24,719.57,B,0,936.03,927.0525182401134,30.081854440846605,28.8342368692571
8,9,2012-08-31,1016.64,B,0,901.68,890.0609669571757,-11.30783758262512,-12.450723269084861
8,9,2012-09-07,931.84,B,1,1058.82,950.6944837815727,13.626802884615374,2.023360639334289
8,9,2012-09-14,971.41,B,0,692.14,950.8858444852428,-28.748931964875794,-2.1128211069226306
8,9,2012-09-21,746.61,B,0,763.37,910.9156154185742,2.2448132224320583,22.006886516196438
8,9,2012-09-28,871.64,B,0,895.38,876.1816480526521,2.7236014868523712,0.5210463095603846
8,9,2012-10-05,912.93,B,0,873.38,864.6897131293019,-4.332205097871683,-5.284116730822518
8,9,2012-10-12,795.71,B,0,690.03,883.4431803426313,-13.2812205451735,11.025773251892181
8,9,2012-10-19,883.67,B,0,976.52,878.6927459621159,10.507316079531954,-0.5632480493718366
8,9,2012-10-26,702.88,B,0,1017.54,893.8488587167891,44.767243341679944,27.169482517184885
8,10,2012-06-01,1045.25,B,0,1237.36,1138.216893909379,18.37933508729968,8.894225678964744
8,10,2012-06-08,1115.88,B,0,1174.79,1092.727515474198,5.279241495501295,-2.0748184863786463
8,10,2012-06-15,1103.39,B,0,1041.49,1135.8140920345409,-5.609983777268244,2.9385885348372525
8,10,2012-06-22,961.67,B,0,1196.03,1082.260446915368,24.37010616947602,12.539691049462709
8,10,2012-06-29,1191.25,B,0,946.49,1093.2287366562105,-20.54648478488982,-8.228437636414652
8,10,2012-07-06,1066.32,B,0,1058.83,1033.5560210846916,-0.7024157851301682,-3.072621625338395
8,10,2012-07-13,1234.23,B,0,899.05,995.2307352420041,-27.157012874423735,-19.36424043800555
8,10,2012-07-20,1028.69,B,0,1020.19,1037.449527645841,-0.8262936355947855,0.8515225817147041
8,10,2012-07-27,991.06,B,0,896.7,895.0872439175532,-9.521118802090681,-9.68384922027392
8,10,2012-08-03,912.84,B,0,1096.1,926.440158687261,20.075807370404437,1.4898732184458394
8,10,2012-08-10,1010.37,B,0,1039.73,972.2244137496107,2.905866167839506,-3.775407647731952
8,10,2012-08-17,994.68,B,0,901.36,875.6520326249974,-9.381911770619691,-11.966458295633018
8,10,2012-08-24,1064.06,B,0,1087.87,927.6548809973026,2.2376557712910876,-12.819307088199666
8,10,2012-08-31,967.97,B,0,825.06,940.7304578359644,-14.763887310557152,-2.8140895031907585
8,10,2012-09-07,1261.78,B,1,970.6,1098.2659697823433,-23.076923076923073,-12.958996831274602
8,10,2012-09-14,991.7,B,0,842.99,926.8957123137844,-14.995462337400426,-6.5346665005763445
8,10,2012-09-21,807.19,B,0,998.8,930.9364777789057,23.737905573656747,15.330526614416135
8,10,2012-09-28,789.73,B,0,979.6,908.7834267895593,24.04239423600471,15.075206309695622
8,10,2012-10-05,979.84,B,0,1054.53,885.0464161520371,7.622673089483992,-9.674394171289492
8,10,2012-10-12,788.13,B,0,903.44,944.1166367938071,14.630835014528069,19.791993299811843
8,10,2012-10-19,983.44,B,0,532.91,965.4968949379734,-45.811640771170595,-1.8245246341440953
8,10,2012-10-26,1021.46,B,0,841.7,883.6101349007504,-17.59833963150784,-13.49537574640707
9,1,2012-06-01,865.76,A,0,787.43,769.9342159099938,-9.047542043984482,-11.068400490898886
9,1,2012-06-08,664.04,A,0,779.19,807.5831711673405,17.340822841997486,21.616645257415303
9,1,2012-06-15,813.17,A,0,684.89,744.2959636195033,-15.775299137941634,-8.469820133612494
9,1,2012-06-22,786.02,A,0,791.76,767.3583368375654,0.7302613165059425,-2.374196987663748
9,1,2012-06-29,682.81,A,0,730.78,726.5801731698346,7.025380413292136,6.410300547712337
9,1,2012-07-06,563.21,A,0,767.6,715.748033352783,36.29019371104916,27.08368696450399
9,1,2012-07-13,588.69,A,0,649.09,697.6094674344604,10.260068966688744,18.50200741212868
9,1,2012-07-20,477.0,A,0,712.59,702.6298919304785,49.38993710691825,47.30186413636866
9,1,2012-07-27,686.14,A,0,572.6,655.2071691088004,-16.54764333809426,-4.508238973270704
9,1,2012-08-03,666.26,A,0,554.1,631.185565975994,-16.834268904031454,-5.2643763731885445
9,1,2012-08-10,626.07,A,0,772.06,665.9463433472945,23.318478764355405,6.369310675690327
9,1,2012-08-17,600.84,A,0,517.22,630.6439183999365,-13.91718261101125,4.960375208031504
9,1,2012-08-24,702.32,A,0,556.45,626.739265894012,-20.769734593917303,-10.761580775997848
9,1,2012-08-31,614.2,A,0,438.2,619.5039448478427,-28.655161185281674,0.8635533780271364
9,1,2012-09-07,569.67,A,1,534.74,613.0234822208345,-6.13162006073691,7.610280025424282
9,1,2012-09-14,588.38,A,0,491.4,567.3708547622593,-16.482545293857715,-3.570676304045116
9,1,2012-09-21,725.17,A,0,510.05,560.7358209849202,-29.66476826123529,-22.675259458482802
9,1,2012-09-28,613.92,A,0,578.33,580.5947497413267,-5.7971722700025925,-5.42827245547844
9,1,2012-10-05,534.93,A,0,593.26,579.0680558524392,10.904230460060203,8.251183491753924
9,1,2012-10-12,559.0,A,0,475.44,580.0258884352913,-14.948121645796064,3.7613396127533694
9,1,2012-10-19,596.59,A,0,491.25,598.8871461107352,-17.65701738212173,0.38504603006003857
9,1,2012-10-26,531.21,A,0,632.54,598.5631741307807,19.075318612224905,12.679199211381684
9,2,2012-06-01,842.66,A,0,857.26,839.782651488386,1.7326086440557311,-0.3414601988481648
9,2,2012-06-08,927.38,A,0,711.87,823.7783962447975,-23.23858612435032,-11.171429592529764
9,2,2012-06-15,820.36,A,0,939.23,839.3665031522632,14.489980008776634,2.3168490848241303
9,2,2012-06-22,914.32,A,0,913.78,828.4601595758621,-0.059060285239311984,-9.390567900093833
9,2,2012-06-29,775.72,A,0,773.9,798.3503681765158,-0.23462073944207318,2.91733720627491
9,2,2012-07-06,627.13,A,0,823.49,831.6311068834956,31.310892478433498,32.6090454743826
9,2,2012-07-13,675.69,A,0,690.2,778.5681156072145,2.1474344743891414,15.22563832633522
9,2,2012-07-20,799.05,A,0,598.66,796.128919926064,-25.07853075527188,-0.3655691225750539
9,2,2012-07-27,785.29,A,0,756.09,727.8061187288997,-3.71837155700441,-7.320083188516375
9,2,2012-08-03,665.79,A,0,603.25,722.650946177845,-9.393352258219553,8.540372516535994
9,2,2012-08-10,827.92,A,0,774.8,732.0103263716286,-6.416078848197894,-11.584413183444218
9,2,2012-08-17,639.56,A,0,742.18,702.4791942110189,16.045406216774033,9.837887643226434
9,2,2012-08-24,696.22,A,0,665.06,716.1862598399163,-4.4755967941168135,2.86780900288935
9,2,2012-08-31,684.42,A,0,650.94,694.672819944413,-4.891733146313653,1.4980304410176635
9,2,2012-09-07,557.48,A,1,744.4,716.1618800390089,33.52945397144291,28.46413863080449
9,2,2012-09-14,623.74,A,0,642.84,671.3651677903994,3.0621733414563796,7.635419852887318
9,2,2012-09-21,822.17,A,0,580.88,659.4715569155309,-29.347945072187017,-19.788905346153363
9,2,2012-09-28,546.04,A,0,484.85,625.3200673040938,-11.206138744414318,14.519095176927294
9,2,2012-10-05,669.7,A,0,684.58,603.7993796674056,2.221890398685978,-9.840319595728607
9,2,2012-10-12,521.53,A,0,633.92,653.6059016653081,21.5500546469043,25.32469880262078
9,2,2012-10-19,539.23,A,0,829.67,717.6402225060988,53.86198839085361,33.086108433525354
9,2,2012-10-26,500.66,A,0,596.42,620.2942984590755,19.126752686453866,23.895317872223767
9,3,2012-06-01,690.18,A,0,875.33,894.6951742515407,26.826335158944058,29.632150200171083
9,3,2012-06-08,1052.16,A,0,842.03,867.8375320679567,-19.97129714111923,-17.51848273380887
9,3,2012-06-15,803.25,A,0,756.02,875.0728720455509,-5.8798630563336465,8.941534023722486
9,3,2012-06-22,887.17,A,0,838.91,873.5793561280557,-5.439769153600775,-1.531909766103935
9,3,2012-06-29,779.88,A,0,753.49,846.6404379580259,-3.3838539262450618,8.56034748397522
9,3,2012-07-06,765.19,A,0,559.06,814.337653192025,-26.938407454357755,6.422934590366432
9,3,2012-07-13,770.12,A,0,837.35,800.3383324571461,8.729808341557161,3.9238472520056695
9,3,2012-07-20,666.85,A,0,815.68,818.7021123098922,22.31836245032615,22.77155466894986
9,3,2012-07-27,543.3,A,0,769.11,736.1879155339673,41.56267255659858,35.503021449285356
9,3,2012-08-03,855.51,A,0,698.73,730.9362943840551,-18.325910860188657,-14.561338338060906
9,3,2012-08-10,788.04,A,0,719.21,788.379150484905,-8.734328206690007,0.04303721700739508
9,3,2012-08-17,645.42,A,0,786.81,707.4408712843364,21.90666542716371,9.60938168701565
9,3,2012-08-24,756.34,A,0,645.88,726.5742414218489,-14.604542930428119,-3.935499719458328
9,3,2012-08-31,779.23,A,0,768.78,700.577918577549,-1.3410674640350146,-10.093564342036501
9,3,2012-09-07,666.14,A,1,578.48,745.934713769141,-13.159395922778991,11.978670214840879
9,3,2012-09-14,725.08,A,0,689.67,659.8534763148133,-4.883599051139196,-8.995769251004958
9,3,2012-09-21,771.52,A,0,670.24,680.9340035851203,-13.127333056822893,-11.741237610804603
9,3,2012-09-28,547.79,A,0,752.25,687.0710880010165,37.32452217090491,25.426000474820015
9,3,2012-10-05,720.2,A,0,576.81,656.1884029334922,-19.909747292418785,-8.888030695155216
9,3,2012-10-12,702.93,A,0,584.39,688.1934109201284,-16.863699088102653,-2.0964518628983795
9,3,2012-10-19,837.83,A,0,531.6,694.8051370257731,-36.55037418091976,-17.070869146990077
9,3,2012-10-26,720.67,A,0,606.63,696.8873544101396,-15.824163625515142,-3.3000743183232837
9,4,2012-06-01,977.31,A,0,823.68,902.3216921085226,-15.719679528501704,-7.672929560884198
9,4,2012-06-08,905.96,A,0,1002.86,1004.9633519120683,10.695836460770893,10.928004758716533
9,4,2012-06-15,894.45,A,0,870.12,925.1324135765227,-2.720107328525914,3.4303106463774005
9,4,2012-06-22,878.7,A,0,942.3,901.6148557352974,7.237965175827917,2.607813330522061
9,4,2012-06-29,803.48,A,0,942.27,860.2394111182309,17.273609797381386,7.064197132253559
9,4,2012-07-06,780.03,A,0,884.95,833.2170823091406,13.450764714177671,6.81859445266728
9,4,2012-07-13,804.31,A,0,917.77,828.1713160816605,14.106501224652193,2.966681513553302
9,4,2012-07-20,843.9,A,0,827.45,820.6522497189973,-1.949283090413548,-2.7547991801164486
9,4,2012-07-27,645.88,A,0,943.48,815.5130047844347,46.0766705889639,26.263857803993723
9,4,2012-08-03,903.7,A,0,877.25,735.1886753114422,-2.9268562576076183,-18.64682136644437
9,4,2012-08-10,800.64,A,0,876.47,741.9981408253252,9.471173061550765,-7.324372898515535
9,4,2012-08-17,683.02,A,0,680.51,746.3417022950177,-0.3674855787531831,9.27084159980934
9,4,2012-08-24,929.74,A,0,784.35,726.3370149048656,-15.637705164884805,-21.877404983665805
9,4,2012-08-31,766.51,A,0,570.58,762.2777234008855,-25.561310354724654,-0.5521489085745093
9,4,2012-09-07,654.73,A,1,916.63,796.094457951601,40.00122187772058,21.591260206741865
9,4,2012-09-14,895.49,A,0,668.84,703.2943383385049,-25.310165384314733,-21.462625117142025
9,4,2012-09-21,867.3,A,0,674.97,703.1942182092833,-22.175717744725002,-18.921455296981048
9,4,2012-09-28,643.06,A,0,584.05,714.6739804079588,-9.176437657450315,11.136438342916497
9,4,2012-10-05,695.56,A,0,708.51,672.1653908491767,1.8618091897176443,-3.3634207186760703
9,4,2012-10-12,680.22,A,0,683.77,747.9686211748657,0.521889976772214,9.95981023416919
9,4,2012-10-19,541.38,A,0,885.04,770.3653350878687,63.47851786176067,42.296600370879744
9,4,2012-10-26,756.31,A,0,793.19,715.1803518706937,4.876307334294153,-5.438199697122377
9,5,2012-06-01,1066.93,A,0,1073.45,1087.423874613893,0.6110991349010696,1.9208265410001604
9,5,2012-06-08,720.57,A,0,886.78,1031.4672303957868,23.066461273713852,43.146013627515266
9,5,2012-06-15,975.29,A,0,641.24,961.1937555267867,-34.251350880250996,-1.445338768285662
9,5,2012-06-22,943.83,A,0,922.15,974.4891595723634,-2.297023828443688,3.2483773107830185
9,5,2012-06-29,1025.78,A,0,908.79,932.0008604596167,-11.404979625260777,-9.1422273333837
9,5,2012-07-06,978.41,A,0,798.01,913.1175809297691,-18.43807810631535,-6.6733188612371945
9,5,2012-07-13,731.24,A,0,746.55,881.3473825322284,2.093703845522666,20.527786025412777
9,5,2012-07-20,791.45,A,0,828.05,870.5527301663967,4.624423526438804,9.994659190902352
9,5,2012-07-27,804.48,A,0,860.43,845.1862392162321,6.95480310262529,5.059944214428217
9,5,2012-08-03,949.74,A,0,867.15,821.5938563913764,-8.696064185987746,-13.492760503782463
9,5,2012-08-10,897.3,A,0,605.51,772.6487345210954,-32.518667112448455,-13.891816056937984
9,5,2012-08-17,780.06,A,0,646.71,830.4329223430263,-17.094838858549334,6.457570230883062
9,5,2012-08-24,846.36,A,0,932.72,820.5460844584602,10.203695826834918,-3.049992384037503
9,5,2012-08-31,709.57,A,0,783.84,822.2795253085185,10.466902490240566,15.884201038448417
9,5,2012-09-07,1072.27,A,1,832.11,796.8136045710443,-22.39734395254926,-25.689089075415307
9,5,2012-09-14,858.8,A,0,645.07,801.7513080120012,-24.887051700046566,-6.642837911970043
9,5,2012-09-21,872.98,A,0,775.13,814.4387294560375,-11.208733304313961,-6.705911996146815
9,5,2012-09-28,928.13,A,0,730.49,794.5851158528617,-21.29443073707347,-14.388596871897072
9,5,2012-10-05,886.37,A,0,700.94,771.7652752095212,-20.92015749630515,-12.929670994108422
9,5,2012-10-12,781.69,A,0,610.94,827.2760114720955,-21.843697629495068,5.831725040885196
9,5,2012-10-19,758.59,A,0,671.85,829.8783240484277,-11.434371663217286,9.397477431607012
9,5,2012-10-26,912.68,A,0,967.79,862.1765599822946,6.038260945786038,-5.533532017542328
9,6,2012-06-01,958.58,A,0,1112.24,1108.2896819591108,16.02996098395543,15.617859955257854
9,6,2012-06-08,1055.47,A,0,1005.39,1099.216791663301,-4.744805631614356,4.144768838839653
9,6,2012-06-15,1009.79,A,0,1176.46,1047.5241435940611,16.505412016359845,3.7368307860110668
9,6,2012-06-22,915.03,A,0,1096.03,1060.0720683304578,19.78077221511863,15.851072459969382
9,6,2012-06-29,960.17,A,0,1123.68,1082.6460264371676,17.02927606569671,12.755660605639383
9,6,2012-07-06,1054.86,A,0,775.84,1019.9718326405757,-26.45090343742297,-3.3073741879893244
9,6,2012-07-13,915.46,A,0,1003.76,984.4265897752596,9.64542415834662,7.533544859989462
9,6,2012-07-20,998.58,A,0,1146.16,1003.2643729671645,14.7789861603477,0.46910342357792556
9,6,2012-07-27,752.75,A,0,991.41,932.8891102717353,31.70508136831617,23.9308017631
9,6,2012-08-03,1119.97,A,0,1021.95,907.2690426100961,-8.752020143396697,-18.991665615141827
9,6,2012-08-10,874.58,A,0,905.12,906.8505734256285,3.491961855976579,3.6898366559523903
9,6,2012-08-17,999.61,A,0,897.9,905.1275351932711,-10.174968237612672,-9.451932734439321
9,6,2012-08-24,909.99,A,0,1027.73,832.7988697466926,12.93860372092001,-8.482635001846987
9,6,2012-08-31,920.86,A,0,784.96,887.6230364575308,-14.757943661360029,-3.609339480753773
9,6,2012-09-07,776.05,A,1,800.72,920.445665893136,3.178918884092529,18.60649003197424
9,6,2012-09-14,770.3,A,0,784.7,819.2224245473441,1.8694015318707118,6.351087179974571
9,6,2012-09-21,764.48,A,0,832.02,846.4508449537155,8.834763499372118,10.72243158142993
9,6,2012-09-28,842.61,A,0,644.24,868.7476677529198,-23.542326817863543,3.101988791127545
9,6,2012-10-05,982.27,A,0,899.32,832.2784099041398,-8.444724973785204,-15.269894234361239
9,6,2012-10-12,880.51,A,0,797.3,852.5774086373058,-9.450204994832545,-3.172319605989053
9,6,2012-10-19,731.87,A,0,909.54,870.301382754017,24.276169265033403,18.914750263573726
9,6,2012-10-26,842.79,A,0,581.07,848.2887669062671,-31.05399921688676,0.6524480482999535
9,7,2012-06-01,1102.97,A,0,1313.67,1287.6161819206977,19.10296744245084,16.74081633414306
9,7,2012-06-08,900.02,A,0,966.55,1201.6354716863636,7.39205795426768,33.512085474363204
9,7,2012-06-15,1000.27,A,0,921.02,1100.8972422418312,-7.922860827576554,10.06000802201718
9,7,2012-06-22,1120.8,A,0,1000.95,1154.1974014234331,-10.693254817987144,2.979782425359847
9,7,2012-06-29,940.72,A,0,1171.06,1141.0404251128734,24.485500467726837,21.294372939118272
9,7,2012-07-06,876.29,A,0,1246.93,1125.7976091669934,42.29650001711763,28.473177734196835
9,7,2012-07-13,1054.15,A,0,1081.3,1044.3122454325562,2.575534791063877,-0.9332404845082654
9,7,2012-07-20,1120.68,A,0,858.96,1078.761686582309,-23.353678123996147,-3.7404355764081645
9,7,2012-07-27,982.34,A,0,990.81,990.197024056107,0.862226927540354,0.7998273567305597
9,7,2012-08-03,1100.22,A,0,1187.65,998.115677284499,7.946592499681887,-9.280355084937646
9,7,2012-08-10,1050.43,A,0,922.83,951.8408688491334,-12.14740630027703,-9.385597436370507
9,7,2012-08-17,1097.45,A,0,960.24,965.2706915629648,-12.502619709326169,-12.044221462211059
9,7,2012-08-24,1203.54,A,0,957.15,881.7353742789717,-20.472107283513637,-26.73817452855977
9,7,2012-08-31,1241.9,A,0,732.4,981.7922711388068,-41.025847491746525,-20.944337616651364
9,7,2012-09-07,1057.6,A,1,1071.71,1052.5994598813736,1.3341527987897248,-0.47281960274454465
9,7,2012-09-14,855.82,A,0,992.99,963.2645894560588,16.02790306372835,12.554578001923161
9,7,2012-09-21,908.57,A,0,647.72,936.1886497563881,-28.709950801809438,3.039793274749121
9,7,2012-09-28,1080.17,A,0,719.06,968.4458345605358,-33.43084884786655,-10.343202036666847
9,7,2012-10-05,783.81,A,0,756.75,969.4797622843286,-3.452367282887428,23.68810837885822
9,7,2012-10-12,1057.5,A,0,956.86,943.8037699668405,-9.516784869976359,-10.751416551599007
9,7,2012-10-19,865.66,A,0,778.97,974.699199288459,-10.014324330568577,12.59607689952857
9,7,2012-10-26,914.0,A,0,916.55,922.3527839189887,0.27899343544857275,0.9138713259287455
9,8,2012-06-01,1191.08,A,0,1304.31,1191.5506120086582,9.506498304060184,0.039511368561157605
9,8,2012-06-08,961.95,A,0,1194.83,1152.0663714370812,24.209158480170473,19.763643789914358
9,8,2012-06-15,1117.3,A,0,1028.04,1150.0532291108602,-7.988901816879979,2.9314623745511748
9,8,2012-06-22,1126.96,A,0,1202.21,1183.3180934136353,6.677255625754242,5.00089563193328
9,8,2012-06-29,1070.99,A,0,1209.2,1183.7157367049683,12.904882398528466,10.525377146842484
9,8,2012-07-06,1065.68,A,0,1086.5,1134.7217304124024,1.9536821559942887,6.478654982021087
9,8,2012-07-13,1231.87,A,0,1054.92,1105.6028189477322,-14.364340393060942,-10.25004108000582
9,8,2012-07-20,1364.17,A,0,1382.74,1104.2261424568721,1.3612672907335548,-19.055092660235008
9,8,2012-07-27,1115.63,A,0,891.9,1001.9978065568409,-20.054139813379,-10.185473090823944
9,8,2012-08-03,947.06,A,0,1097.61,1025.1690915859642,15.896564103647073,8.247533586675003
9,8,2012-08-10,1045.19,A,0,1149.15,1041.758572569175,9.94651690123327,-0.3283065692194839
9,8,2012-08-17,975.87,A,0,958.37,992.866476164817,-1.7932716447887527,1.7416742152968074
9,8,2012-08-24,1115.93,A,0,964.2,951.1858150280048,-13.596730977749502,-14.762949734481131
9,8,2012-08-31,1026.01,A,0,920.48,1019.5290231406403,-10.28547480044054,-0.6316680012241261
9,8,2012-09-07,818.1,A,1,1005.71,1111.4113518640552,22.932404351546268,35.852750502879246
9,8,2012-09-14,1103.23,A,0,1059.24,926.3252790778997,-3.9873825041015936,-16.035162289105653
9,8,2012-09-21,1077.38,A,0,912.22,957.8576459156684,-15.329781506989185,-11.093797368090339
9,8,2012-09-28,1136.19,A,0,1319.57,950.9119471035757,16.139906177663935,-16.30696035842811
9,8,2012-10-05,878.8,A,0,867.66,932.2040511328983,-1.2676376877560296,6.076928895414008
9,8,2012-10-12,978.22,A,0,1094.03,965.368813664996,11.83885015640653,-1.3137317101474164
9,8,2012-10-19,791.21,A,0,988.77,1021.490720861401,24.969350741269693,29.104879976415987
9,8,2012-10-26,934.81,A,0,935.7,931.322864105365,0.09520651255336379,-0.373031513851466
9,9,2012-06-01,1582.15,A,0,1124.62,1316.58323552421,-28.91824416142592,-16.78518247168663
9,9,2012-06-08,1330.74,A,0,1262.27,1257.3413894100725,-5.145257525887854,-5.515623682306653
9,9,2012-06-15,1174.87,A,0,1347.91,1252.9014900208242,14.728438039953373,6.641712701901003
9,9,2012-06-22,1290.17,A,0,1280.71,1212.2787839517102,-0.7332367052403974,-6.037283152475242
9,9,2012-06-29,1017.94,A,0,1246.22,1252.008236600976,22.42568324262726,22.99430581379806
9,9,2012-07-06,1087.29,A,0,1390.7,1307.99056043266,27.90515869731167,20.298224064661685
9,9,2012-07-13,1012.6,A,0,1175.92,1297.9736671638539,16.128777404700774,28.18227011296206
9,9,2012-07-20,1156.46,A,0,1022.51,1217.5189154287627,-11.582761184995594,5.279812136067196
9,9,2012-07-27,1126.72,A,0,1003.35,1115.2615176380166,-10.949481681340528,-1.016976920795179
9,9,2012-08-03,1275.18,A,0,1118.56,1087.0195857433132,-12.282187612729192,-14.75559640652197
9,9,2012-08-10,1083.61,A,0,885.97,1060.7853711922216,-18.239034338922664,-2.106350883415459
9,9,2012-08-17,946.0,A,0,1017.44,1129.0712570902488,7.55179704016914,19.35214134146393
9,9,2012-08-24,1268.83,A,0,1103.45,1026.4014698756905,-13.03405499554707,-19.106462656487427
9,9,2012-08-31,656.49,A,0,1181.79,1087.2275613865306,80.01645112644518,65.61220450982202
9,9,2012-09-07,1090.04,A,1,848.56,1107.039333225522,-22.153315474661483,1.5595146256579504
9,9,2012-09-14,1049.92,A,0,1013.99,1001.9090639371783,-3.4221654983236878,-4.572818506440659
9,9,2012-09-21,1009.76,A,0,981.85,961.7419552946697,-2.764023134210106,-4.755391846114952
9,9,2012-09-28,1069.58,A,0,988.04,935.3914827594471,-7.623553170403333,-12.545907481493005
9,9,2012-10-05,1012.41,A,0,996.27,907.0848651679584,-1.5942157821435967,-10.403407199853975
9,9,2012-10-12,1060.74,A,0,970.09,969.8621241449708,-8.545920772291039,-8.56740349708969
9,9,2012-10-19,913.88,A,0,1158.0,991.442084776377,26.71247866240644,8.487119181553048
9,9,2012-10-26,801.9,A,0,1139.96,931.2541869863759,42.157376231450314,16.130962337744844
9,10,2012-06-01,1340.99,A,0,1456.88,1231.477185894017,8.642122610906874,-8.166564560957418
9,10,2012-06-08,1323.34,A,0,1393.15,1265.5622414002605,5.275288285701345,-4.36605548080912
9,10,2012-06-15,1328.7,A,0,907.83,1194.9421335232023,-31.675321743057122,-10.066822192880089
9,10,2012-06-22,1171.81,A,0,1274.83,1199.128603730046,8.791527636732917,2.331316828670698
9,10,2012-06-29,1306.08,A,0,1381.27,1282.1502236125282,5.756921474947941,-1.8321830506149508
9,10,2012-07-06,1299.51,A,0,1289.72,1248.8945270928643,-0.7533608821786646,-3.8949660185097192
9,10,2012-07-13,1400.57,A,0,1245.02,1328.3801741209002,-11.106192478776496,-5.154317590630941
9,10,2012-07-20,1242.88,A,0,1320.85,1173.9516775291113,6.273332904222434,-5.5458549876809355
9,10,2012-07-27,1112.62,A,0,1194.53,1189.0243560489537,7.361902536355637,6.867066568006488
9,10,2012-08-03,987.8,A,0,1322.92,1133.2201318807706,33.925895930350286,14.721616914433152
9,10,2012-08-10,942.47,A,0,1157.6,1178.8533033079902,22.826190754082347,25.081254926734033
9,10,2012-08-17,1182.62,A,0,1127.65,1087.7196914860315,-4.648154098526983,-8.024581734958687
9,10,2012-08-24,1230.69,A,0,1223.23,1064.4301548896594,-0.6061640218089068,-13.509482088124598
9,10,2012-08-31,979.25,A,0,1026.63,1017.0854305872928,4.838396732193016,3.8637151480513414
9,10,2012-09-07,1181.06,A,1,960.21,1161.8257000212914,-18.69930401503733,-1.6285624759714643
9,10,2012-09-14,1052.2,A,0,1055.76,991.9504918293512,0.33833871887473344,-5.726050957104051
9,10,2012-09-21,1166.42,A,0,1127.22,989.7221265218026,-3.360710550230624,-15.148734887793204
9,10,2012-09-28,1178.83,A,0,1165.79,1000.2508771760912,-1.1061815528956647,-15.148844432522818
9,10,2012-10-05,735.24,A,0,1160.7,1008.1416623215405,57.86681899787824,37.11735791327192
9,10,2012-10-12,1192.77,A,0,1017.62,1057.0174012804007,-14.684306278662271,-11.381288825138064
9,10,2012-10-19,1082.92,A,0,1002.41,976.3720021355887,-7.434528866398265,-9.83895374214267
9,10,2012-10-26,975.11,A,0,945.29,949.5176961063394,-3.0581165201874714,-2.6245555776948897
10,1,2012-06-01,428.2,B,0,452.14,447.66643949317034,5.5908453993461,4.546109176359261
10,1,2012-06-08,415.36,B,0,413.35,448.89187373951506,-0.48391756548535986,8.072966520491875
10,1,2012-06-15,420.95,B,0,400.98,425.876063677027,-4.7440313576434185,1.170225365726809
10,1,2012-06-22,481.12,B,0,430.25,429.87740786795086,-10.573245759893583,-10.650688421194118
10,1,2012-06-29,428.02,B,0,397.02,415.3937198504008,-7.242652212513434,-2.949927608429315
10,1,2012-07-06,437.87,B,0,382.89,418.76170913614067,-12.556238152876428,-4.363918711914344
10,1,2012-07-13,491.06,B,0,459.93,426.57500815905365,-6.339347533906242,-13.13179486029128
10,1,2012-07-20,544.96,B,0,385.13,411.74518347719066,-29.32875807398709,-24.444879720127965
10,1,2012-07-27,434.07,B,0,483.62,424.2923779839798,11.415209528417078,-2.2525449849149193
10,1,2012-08-03,422.53,B,0,419.36,421.601880243931,-0.7502425863252217,-0.21965771804817458
10,1,2012-08-10,334.46,B,0,344.42,400.1187402992265,2.9779345811158398,19.631268402567276
10,1,2012-08-17,401.37,B,0,431.49,430.7412959906902,7.504297780103148,7.317760667386754
10,1,2012-08-24,380.95,B,0,337.02,385.7088251542418,-11.53169707310671,1.2491994104847968
10,1,2012-08-31,414.65,B,0,458.45,403.9923142009985,10.563125527553362,-2.5702847700473788
10,1,2012-09-07,366.64,B,1,389.69,435.1697815163431,6.286820859698891,18.69129978080491
10,1,2012-09-14,372.88,B,0,381.81,383.3543842895691,2.3948723449903473,2.8090496378376733
10,1,2012-09-21,388.42,B,0,354.13,377.4848836934854,-8.828072704804082,-2.8152814753397357
10,1,2012-09-28,446.64,B,0,362.43,364.68748826676745,-18.854110693175706,-18.34867269685486
10,1,2012-10-05,428.87,B,0,337.1,363.81877701066384,-21.39809266211206,-15.16805162154876
10,1,2012-10-12,413.68,B,0,303.08,376.0923745913618,-26.735641075227235,-9.086159690736363
10,1,2012-10-19,387.97,B,0,362.49,376.6241991161499,-6.567518107070139,-2.924401599054084
10,1,2012-10-26,333.89,B,0,395.38,411.2624927459578,18.416244871065324,23.173048832237505
10,2,2012-06-01,513.51,B,0,498.47,543.8524510675626,-2.928862144846247,5.908833531491616
10,2,2012-06-08,473.11,B,0,561.81,540.5511128404511,18.74828264040074,14.254848310213495
10,2,2012-06-15,543.71,B,0,555.37,536.6549478431298,2.1445255742951144,-1.297576310325405
10,2,2012-06-22,534.07,B,0,541.65,527.3817775567543,1.4192896062313791,-1.2523119522245703
10,2,2012-06-29,409.15,B,0,544.36,523.1052449896306,33.04655994134182,27.851703529177712
10,2,2012-07-06,484.98,B,0,460.93,508.63130612144795,-4.958967380098151,4.876759066651807
10,2,2012-07-13,528.77,B,0,380.55,474.48685167166747,-28.03109102256179,-10.265928159376008
10,2,2012-07-20,553.23,B,0,451.17,484.26906053005604,-18.448023426061493,-12.465148215017981
10,2,2012-07-27,504.94,B,0,491.79,483.784499762111,-2.60426981423535,-4.189705754721152
10,2,2012-08-03,375.09,B,0,492.76,481.7469403099749,31.3711375936442,28.435026343004328
10,2,2012-08-10,392.58,B,0,413.0,477.8045320549276,5.201487594885123,21.70883184444639
10,2,2012-08-17,423.78,B,0,381.66,455.00632979387086,-9.939119354381978,7.368523713688917
10,2,2012-08-24,511.78,B,0,380.2,451.5477971653926,-25.71026612997772,-11.769159176718002
10,2,2012-08-31,396.41,B,0,391.57,440.8734871276127,-1.2209580989379762,11.216540230471649
10,2,2012-09-07,505.41,B,1,327.94,475.6793389919538,-35.1140658079579,-5.882483727675796
10,2,2012-09-14,384.99,B,0,381.92,424.13252298972355,-0.797423309696354,10.167153170140404
10,2,2012-09-21,443.75,B,0,409.1,444.3335953242708,-7.808450704225348,0.13151443927229042
10,2,2012-09-28,360.47,B,0,397.96,406.8437449798547,10.400310705467847,12.864800116474234
10,2,2012-10-05,398.76,B,0,383.04,399.3141341608308,-3.942220884742695,0.13896432962955488
10,2,2012-10-12,346.45,B,0,362.21,400.93181743227177,4.5489969692596315,15.725737460606663
10,2,2012-10-19,486.11,B,0,368.2,398.59720434088325,-24.255826870461423,-18.002673398843218
10,2,2012-10-26,370.52,B,0,369.82,409.53993779184503,-0.18892367483536346,10.53112862783252
10,3,2012-06-01,585.18,B,0,623.3,619.587813411693,6.514234936258931,5.879868316021232
10,3,2012-06-08,635.82,B,0,579.99,594.98191636782,-8.780787015192985,-6.422900134028511
10,3,2012-06-15,642.31,B,0,683.07,611.0336626295407,6.345845464028289,-4.869352395332357
10,3,2012-06-22,566.99,B,0,495.89,604.2011887592738,-12.539903702005331,6.562935635421047
10,3,2012-06-29,540.94,B,0,607.07,593.3297490651283,12.225015713387805,9.684946401657907
10,3,2012-07-06,494.18,B,0,510.72,600.3716472435676,3.346958598081675,21.488455065678014
10,3,2012-07-13,571.58,B,0,560.72,559.0429900498082,-1.8999965009272566,-2.193395491478336
10,3,2012-07-20,570.67,B,0,552.98,529.3070499374513,-3.0998650708815854,-7.248138164359198
10,3,2012-07-27,502.11,B,0,373.88,483.9720084470244,-25.538228674991537,-3.61235417597252
10,3,2012-08-03,500.4,B,0,420.63,511.9469060609189,-15.941247002398079,2.3075351840365506
10,3,2012-08-10,496.11,B,0,597.78,522.747517315168,20.493438955070438,5.3692764336876895
10,3,2012-08-17,549.91,B,0,476.27,526.6606761681345,-13.391282209816149,-4.227841616240015
10,3,2012-08-24,408.8,B,0,607.27,492.6505139306958,48.54941291585126,20.511378163086054
10,3,2012-08-31,418.23,B,0,557.56,508.69710807274424,33.31420510245557,21.630946625718916
10,3,2012-09-07,433.69,B,1,479.78,515.0477984877283,10.627406672969165,18.759436115134847
10,3,2012-09-14,465.2,B,0,445.95,453.19291831358,-4.138005159071367,-2.5810579721453157
10,3,2012-09-21,489.13,B,0,561.82,470.21283434286414,14.861079876515456,-3.8675128610258733
10,3,2012-09-28,400.27,B,0,586.18,496.12778496092125,46.446148849526566,23.948281150453763
10,3,2012-10-05,519.47,B,0,436.45,449.13086657195845,-15.981673628890992,-13.540557381184973
10,3,2012-10-12,552.06,B,0,547.32,482.49978805625165,-0.8586023258341297,-12.600118092915318
10,3,2012-10-19,487.1,B,0,515.65,481.9415269892545,5.861219462122758,-1.059017247124928
10,3,2012-10-26,531.5,B,0,527.01,498.4523980932955,-0.8447789275635011,-6.217799041712977
10,4,2012-06-01,657.2,B,0,642.39,640.9699258635098,-2.2534996956786455,-2.469579144322916
10,4,2012-06-08,621.88,B,0,598.21,645.813568046893,-3.806200553161375,3.8485830139083124
10,4,2012-06-15,584.19,B,0,583.66,646.2314818548787,-0.09072390831751423,10.620086248460023
10,4,2012-06-22,564.0,B,0,650.91,628.2394885630794,15.409574468085102,11.389980241680737
10,4,2012-06-29,638.02,B,0,675.18,595.7170713147124,5.824268831698061,-6.6303452376551855
10,4,2012-07-06,708.68,B,0,696.02,594.5855063336635,-1.7864198227690875,-16.099578606188473
10,4,2012-07-13,618.31,B,0,587.08,586.0947510313689,-5.050864453106032,-5.210209921985904
10,4,2012-07-20,689.42,B,0,572.79,574.4335674862389,-16.917118737489485,-16.67872015806926
10,4,2012-07-27,563.06,B,0,587.3,531.6013863199855,4.3050474194579635,-5.587080183286759
10,4,2012-08-03,609.27,B,0,579.77,549.847591019282,-4.841859930736783,-9.753050204460738
10,4,2012-08-10,662.05,B,0,505.47,566.9222802019433,-23.650781663016378,-14.368660946764846
10,4,2012-08-17,548.94,B,0,649.88,586.2864464146513,18.388166284111186,6.8033749434639965
10,4,2012-08-24,552.9,B,0,542.15,564.9595140257376,-1.9442937240007236,2.1811383660223544
10,4,2012-08-31,517.39,B,0,569.43,566.8026068132469,10.05817661725197,9.550359847164993
10,4,2012-09-07,605.6,B,1,582.44,576.4725963675908,-3.8243064729194134,-4.809676953832439
10,4,2012-09-14,591.86,B,0,547.1,561.6678322480576,-7.562599263339302,-5.101234709549962
10,4,2012-09-21,548.8,B,0,445.09,551.567544964807,-18.897594752186585,0.5042902632665871
10,4,2012-09-28,504.8,B,0,509.65,556.7191517718911,0.9607765451663957,10.285093457189205
10,4,2012-10-05,414.55,B,0,664.06,553.5153191463344,60.188155831624634,33.52196819354345
10,4,2012-10-12,512.7,B,0,614.69,529.6667451325297,19.892724790325726,3.3092929846946935
10,4,2012-10-19,502.4,B,0,515.91,548.2429411435469,2.6890923566878966,9.124789240355675
10,4,2012-10-26,532.66,B,0,480.71,515.2050349489855,-9.752938084331467,-3.276943087713454
10,5,2012-06-01,740.99,B,0,711.48,713.1824529117625,-3.982509885423554,-3.7527560544997196
10,5,2012-06-08,684.08,B,0,658.23,692.1579529502294,-3.7787978014267365,1.1808491624121973
10,5,2012-06-15,713.44,B,0,727.06,706.8693799746027,1.909060327427659,-0.9209772406085128
10,5,2012-06-22,500.91,B,0,756.46,692.9331897258219,51.017148789203645,38.33486848452254
10,5,2012-06-29,626.88,B,0,697.95,664.175947246408,11.337098009188368,5.949455596989535
10,5,2012-07-06,680.51,B,0,752.94,663.2622984248679,10.643487972256112,-2.5345258078694
10,5,2012-07-13,557.67,B,0,711.61,655.857900442639,27.604138648304566,17.606810558688657
10,5,2012-07-20,549.03,B,0,570.4,638.0056357187354,3.8923191811012154,16.20596975005655
10,5,2012-07-27,653.37,B,0,627.84,590.8727636232472,-3.9074337664722854,-9.565366695249669
10,5,2012-08-03,692.67,B,0,593.71,598.1302468154785,-14.286745492081357,-13.648599359654884
10,5,2012-08-10,560.89,B,0,674.29,586.9259601876937,20.217868031164752,4.641901297526024
10,5,2012-08-17,598.49,B,0,641.88,580.2693780704437,7.249912279236074,-3.0444321424846317
10,5,2012-08-24,590.66,B,0,606.9,568.685776707294,2.7494666982697336,-3.7202829534259836
10,5,2012-08-31,481.32,B,0,665.43,580.3995347751767,38.25105958613811,20.58496110179853
10,5,2012-09-07,716.17,B,1,460.73,569.9262429362316,-35.66750911096527,-20.420257350038174
10,5,2012-09-14,571.38,B,0,527.86,543.4711456300877,-7.616647415030274,-4.884464694233666
10,5,2012-09-21,566.48,B,0,528.6,579.3724948836949,-6.686908628724756,2.2758958628186154
10,5,2012-09-28,603.42,B,0,582.62,573.202224974044,-3.4470186603029327,-5.007751653235875
10,5,2012-10-05,453.37,B,0,602.3,576.3854913150013,32.849548933542124,27.13357551558359
10,5,2012-10-12,639.94,B,0,558.36,549.8272136871532,-12.74807013157484,-14.08144299666326
10,5,2012-10-19,649.4,B,0,458.09,561.1758362637266,-29.459501077918084,-13.585488718243507
10,5,2012-10-26,581.17,B,0,589.81,614.0088797784158,1.4866562279539526,5.6504774469459615
10,6,2012-06-01,850.57,B,0,710.24,833.6904659410385,-16.49834816652363,-1.9844967561707505
10,6,2012-06-08,687.94,B,0,680.52,802.1550881749743,-1.0785824345146484,16.602478148526643
10,6,2012-06-15,844.64,B,0,662.87,754.0492232429688,-21.520411062701267,-10.725371372067533
10,6,2012-06-22,677.33,B,0,844.46,806.0147631096821,24.674826155640528,18.99882820924543
10,6,2012-06-29,799.62,B,0,769.27,745.5539180591679,-3.7955528876216236,-6.761471941776353
10,6,2012-07-06,911.2,B,0,793.47,756.521411049054,-12.920324846356454,-16.97526217635492
10,6,2012-07-13,744.41,B,0,808.65,777.6244784697998,8.629653013796162,4.46185280555068
10,6,2012-07-20,541.99,B,0,683.94,751.5017557064333,26.19052012029743,38.65601869156872
10,6,2012-07-27,715.04,B,0,821.83,709.104425915138,14.934828820765283,-0.8301037822865811
10,6,2012-08-03,739.92,B,0,635.13,735.9284423756402,-14.16234187479727,-0.5394579987511835
10,6,2012-08-10,763.16,B,0,584.39,692.4568729926439,-23.424969862152103,-9.264522119523573
10,6,2012-08-17,799.58,B,0,695.4,699.0959419833505,-13.029340403711956,-12.567104982196847
10,6,2012-08-24,793.32,B,0,665.84,679.5887016224068,-16.069177633237537,-14.336118889930072
10,6,2012-08-31,645.98,B,0,656.07,686.5732905253394,1.5619678627821343,6.283985653633146
10,6,2012-09-07,623.06,B,1,756.0,702.4126299384063,21.336628896093483,12.73595318884319
10,6,2012-09-14,547.71,B,0,636.89,655.6264035717489,16.28233919409906,19.703201250981156
10,6,2012-09-21,589.58,B,0,647.84,624.7228473463225,9.881610638081344,5.960657984721745
10,6,2012-09-28,669.22,B,0,729.97,653.612417967518,9.077732285347121,-2.3322049598759773
10,6,2012-10-05,513.92,B,0,635.58,663.0616629361946,23.672945205479472,29.020404525255806
10,6,2012-10-12,546.98,B,0,652.49,631.0584644800948,19.289553548575814,15.37139648252126
10,6,2012-10-19,670.33,B,0,492.95,607.3212422836709,-26.46159354347859,-9.399662511946222
10,6,2012-10-26,570.79,B,0,921.21,715.992144384799,61.39210567809529,25.438803129837417
10,7,2012-06-01,932.55,B,0,900.18,914.7310735310065,-3.471127553482388,-1.9107743787457492
10,7,2012-06-08,838.13,B,0,849.43,922.4507764820526,1.3482395332466268,10.060584453730634
10,7,2012-06-15,962.57,B,0,833.41,862.2704481181706,-13.418244906863924,-10.419974846694725
10,7,2012-06-22,748.37,B,0,832.89,892.0962305624444,11.293878696366768,19.205236789615345
10,7,2012-06-29,931.51,B,0,741.0,836.9729750570522,-20.45173964852766,-10.14879335089777
10,7,2012-07-06,894.37,B,0,662.7,845.2028631395583,-25.90314970314299,-5.497404526140378
10,7,2012-07-13,638.22,B,0,838.06,844.7370989612692,31.312086741249086,32.358293215704485
10,7,2012-07-20,740.35,B,0,911.55,784.0252553176298,23.124198014452613,5.899271333508444
10,7,2012-07-27,865.96,B,0,814.52,817.1988499849685,-5.940228186059408,-5.630877871383377
10,7,2012-08-03,908.52,B,0,769.73,762.0291255274423,-15.276493638004663,-16.1241221406857
10,7,2012-08-10,812.46,B,0,624.79,749.2968018121318,-23.09898333456417,-7.774314820159548
10,7,2012-08-17,699.78,B,0,801.1,764.6513666682267,14.478836205664644,9.270251603107656
10,7,2012-08-24,636.7,B,0,753.93,723.692668965326,18.412125019632462,13.663054651378348
10,7,2012-08-31,764.95,B,0,768.65,736.5949365779667,0.483691744558459,-3.7067865118025187
10,7,2012-09-07,699.15,B,1,823.2,773.0822463345592,17.742973610813138,10.574590049997738
10,7,2012-09-14,661.54,B,0,825.75,728.6571812660927,24.822384133990393,10.145596829533023
10,7,2012-09-21,669.16,B,0,574.89,670.108474975688,-14.087811584673322,0.14174113451013007
10,7,2012-09-28,763.77,B,0,553.8,670.8098273157037,-27.491260457991284,-12.171225982206195
10,7,2012-10-05,843.54,B,0,679.89,651.0834261125827,-19.400384095597126,-22.815346502527113
10,7,2012-10-12,770.9,B,0,580.94,669.7034418458672,-24.641328317550908,-13.127066825026947
10,7,2012-10-19,678.4,B,0,564.73,709.7631463182586,-16.755601415094333,4.6231052945546285
10,7,2012-10-26,597.36,B,0,775.1,719.7791701712329,29.75425204231954,20.493365838227007
10,8,2012-06-01,920.37,B,0,921.58,889.2338235413514,0.1314688657822437,-3.3830064494332284
10,8,2012-06-08,1102.39,B,0,1027.92,964.5426990964539,-6.755322526510583,-12.50440414948849
10,8,2012-06-15,988.14,B,0,1092.79,1002.2152078363733,10.5906045702026,1.4244143376822467
10,8,2012-06-22,974.24,B,0,849.23,882.7260931487627,-12.831540482837903,-9.39336373493567
10,8,2012-06-29,981.92,B,0,929.89,900.4870488343686,-5.298802346423331,-8.293236838605118
10,8,2012-07-06,825.13,B,0,854.26,882.1490354506435,3.5303527928932406,6.9103093392124295
10,8,2012-07-13,998.51,B,0,839.44,871.8863959213872,-15.930736797828759,-12.681255478524275
10,8,2012-07-20,865.29,B,0,861.54,863.0340388905463,-0.4333807162916479,-0.260717344410968
10,8,2012-07-27,830.99,B,0,665.76,881.8267890244031,-19.88351243697277,6.117617423122187
10,8,2012-08-03,702.62,B,0,801.59,874.7066776852539,14.085850103896846,24.492140514823646
10,8,2012-08-10,768.18,B,0,836.46,789.4583869523796,8.888541748027817,2.7699740884141226
10,8,2012-08-17,621.92,B,0,695.45,840.1722876593726,11.823064059686148,35.0933058366627
10,8,2012-08-24,757.69,B,0,811.65,743.1984965497854,7.121646055774779,-1.912590036850773
10,8,2012-08-31,714.37,B,0,587.06,816.2104502445463,-17.821297086943748,14.255980828498723
10,8,2012-09-07,757.68,B,1,792.45,759.3349009406467,4.589008552423199,0.21841687000405344
10,8,2012-09-14,616.44,B,0,867.75,690.0968197601007,40.76795795211211,11.948741119995567
10,8,2012-09-21,812.99,B,0,708.13,694.3685979860829,-12.898067626908084,-14.590757821611222
10,8,2012-09-28,796.4,B,0,628.25,711.8594199072699,-21.113761928679054,-10.615341548559785
10,8,2012-10-05,899.37,B,0,580.54,682.8539153253042,-35.45037081512615,-24.0741946779074
10,8,2012-10-12,894.23,B,0,755.34,686.3904477118585,-15.531798306923273,-23.2422925073126
10,8,2012-10-19,746.76,B,0,807.18,735.4005432249742,8.090952916599706,-1.5211656723747682
10,8,2012-10-26,832.55,B,0,712.33,736.3593544449058,-14.439973575160641,-11.553737980312798
10,9,2012-06-01,1003.13,B,0,816.94,990.3955292095122,-18.56090436932401,-1.269473626597526
10,9,2012-06-08,1046.76,B,0,864.95,962.3104484196767,-17.368833352439907,-8.067709081386685
10,9,2012-06-15,951.69,B,0,920.68,940.8805003976662,-3.258413979342024,-1.1358214967409406
10,9,2012-06-22,845.5,B,0,1104.82,951.5544844430685,30.67060910703725,12.54340442851195
10,9,2012-06-29,1028.43,B,0,1040.78,964.1683872467431,1.2008595626342977,-6.248515966400916
10,9,2012-07-06,1000.67,B,0,747.39,966.4342814848841,-25.311041602126572,-3.421279594183485
10,9,2012-07-13,1076.23,B,0,866.24,921.0693630883678,-19.511628555234477,-14.417051830150823
10,9,2012-07-20,774.56,B,0,757.78,899.7680886130255,-2.16639124147903,16.165059984123317
10,9,2012-07-27,889.61,B,0,876.76,834.0716152416713,-1.4444531873517634,-6.2430036486020475
10,9,2012-08-03,857.6,B,0,960.24,834.5046521141395,11.968283582089551,-2.6930209754967955
10,9,2012-08-10,825.43,B,0,953.18,793.8773661801163,15.476781798577713,-3.822569305681122
10,9,2012-08-17,691.37,B,0,864.93,853.7808334893746,25.103779452391624,23.491160086404467
10,9,2012-08-24,727.89,B,0,779.09,779.4473617177385,7.034029867150263,7.083125433477388
10,9,2012-08-31,855.81,B,0,801.48,807.3782210353938,-6.348371718021515,-5.659174228462639
10,9,2012-09-07,802.44,B,1,915.8,840.6952614431501,14.126912915607384,4.767367210402031
10,9,2012-09-14,720.56,B,0,1037.09,743.5725945096192,43.92833351837459,3.1937096854695306
10,9,2012-09-21,949.13,B,0,659.11,714.446922874987,-30.556404286030364,-24.72612572829992
10,9,2012-09-28,1041.79,B,0,943.57,766.1341737948154,-9.428003724359028,-26.459826472243403
10,9,2012-10-05,782.77,B,0,798.27,797.0568141621438,1.9801474251695899,1.8251611791642315
10,9,2012-10-12,628.75,B,0,856.1,840.6348182387742,36.15904572564613,33.69937467018278
10,9,2012-10-19,827.03,B,0,788.91,868.8695571818856,-4.609264476500249,5.059013237958195
10,9,2012-10-26,568.27,B,0,917.89,865.4547298573266,61.52357154169673,52.29639605422187
10,10,2012-06-01,1294.36,B,0,1045.92,1019.7625663879872,-19.194041843073013,-21.21491962143551
10,10,2012-06-08,987.19,B,0,1288.43,1073.176066773994,30.51489581539521,8.71018413618392
10,10,2012-06-15,1141.07,B,0,966.52,1016.9980196697903,-15.297045755299846,-10.87330140396379
10,10,2012-06-22,1202.14,B,0,990.95,1028.1720084783817,-17.567837356713863,-14.47152507375334
10,10,2012-06-29,916.59,B,0,1032.73,1042.464396416265,12.670877927972155,13.732900906213777
10,10,2012-07-06,766.32,B,0,811.1,960.8945624493163,5.843511848835991,25.390771798898136
10,10,2012-07-13,1161.55,B,0,781.83,957.919509866493,-32.69080108475743,-17.530927651285523
10,10,2012-07-20,974.01,B,0,904.16,1005.7518345009248,-7.171384277368818,3.258881787756268
10,10,2012-07-27,900.46,B,0,891.49,972.9556154782198,-0.9961575194900414,8.050953454703123
10,10,2012-08-03,947.63,B,0,940.28,940.1190341106138,-0.7756191762607793,-0.7926053300746252
10,10,2012-08-10,885.2,B,0,799.93,919.843733900255,-9.632851333032093,3.9136617600830226
10,10,2012-08-17,1242.82,B,0,942.95,893.9005510567665,-24.12819233678247,-28.074817668144497
10,10,2012-08-24,837.88,B,0,638.72,931.9673691237223,-23.769513534157632,11.229217683167313
10,10,2012-08-31,920.98,B,0,859.37,894.9977567816545,-6.689613238072489,-2.8211517316712094
10,10,2012-09-07,1068.27,B,1,940.75,939.2495546998673,-11.937057111029983,-12.077512735556803
10,10,2012-09-14,1006.77,B,0,882.3,869.3625636532603,-12.36330045591347,-13.648344343468688
10,10,2012-09-21,976.91,B,0,818.88,873.4294352063208,-16.176515748636003,-10.592640549659555
10,10,2012-09-28,799.92,B,0,756.56,879.3164050665906,-5.420542054205423,9.925543187642598
10,10,2012-10-05,825.85,B,0,804.31,913.5275347482757,-2.6082218320518344,10.616641611464026
10,10,2012-10-12,596.68,B,0,961.25,904.7339942766281,61.09975196085004,51.62800735346052
10,10,2012-10-19,831.13,B,0,755.26,868.5193723147497,-9.128535848784185,4.498619026475969
10,10,2012-10-26,844.5,B,0,933.26,880.2726125296709,10.51036116044997,4.2359517501090505
